-- phpMyAdmin SQL Dump
-- version 5.2.2
-- https://www.phpmyadmin.net/
--
-- Host: db
-- Waktu pembuatan: 30 Jul 2025 pada 01.58
-- Versi server: 8.0.41
-- Versi PHP: 8.2.27

SET SQL_MODE = "NO_AUTO_VALUE_ON_ZERO";
START TRANSACTION;
SET time_zone = "+00:00";


/*!40101 SET @OLD_CHARACTER_SET_CLIENT=@@CHARACTER_SET_CLIENT */;
/*!40101 SET @OLD_CHARACTER_SET_RESULTS=@@CHARACTER_SET_RESULTS */;
/*!40101 SET @OLD_COLLATION_CONNECTION=@@COLLATION_CONNECTION */;
/*!40101 SET NAMES utf8mb4 */;

--
-- Database: `money_lover`
--

-- --------------------------------------------------------

--
-- Struktur dari tabel `budgets`
--

CREATE TABLE `budgets` (
  `id` bigint UNSIGNED NOT NULL,
  `category_id` bigint UNSIGNED NOT NULL,
  `amount` bigint UNSIGNED NOT NULL,
  `start_date` date NOT NULL,
  `end_end` date NOT NULL,
  `created_at` timestamp NULL DEFAULT NULL,
  `updated_at` timestamp NULL DEFAULT NULL
) ENGINE=InnoDB DEFAULT CHARSET=utf8mb4 COLLATE=utf8mb4_unicode_ci;

-- --------------------------------------------------------

--
-- Struktur dari tabel `cache`
--

CREATE TABLE `cache` (
  `key` varchar(255) COLLATE utf8mb4_unicode_ci NOT NULL,
  `value` mediumtext COLLATE utf8mb4_unicode_ci NOT NULL,
  `expiration` int NOT NULL
) ENGINE=InnoDB DEFAULT CHARSET=utf8mb4 COLLATE=utf8mb4_unicode_ci;

-- --------------------------------------------------------

--
-- Struktur dari tabel `cache_locks`
--

CREATE TABLE `cache_locks` (
  `key` varchar(255) COLLATE utf8mb4_unicode_ci NOT NULL,
  `owner` varchar(255) COLLATE utf8mb4_unicode_ci NOT NULL,
  `expiration` int NOT NULL
) ENGINE=InnoDB DEFAULT CHARSET=utf8mb4 COLLATE=utf8mb4_unicode_ci;

-- --------------------------------------------------------

--
-- Struktur dari tabel `categories`
--

CREATE TABLE `categories` (
  `id` bigint UNSIGNED NOT NULL,
  `name` varchar(255) COLLATE utf8mb4_unicode_ci NOT NULL,
  `icon` varchar(255) COLLATE utf8mb4_unicode_ci NOT NULL,
  `color` varchar(255) COLLATE utf8mb4_unicode_ci NOT NULL,
  `type` enum('EXPENSE','INCOME') COLLATE utf8mb4_unicode_ci NOT NULL DEFAULT 'EXPENSE',
  `created_at` timestamp NULL DEFAULT NULL,
  `updated_at` timestamp NULL DEFAULT NULL
) ENGINE=InnoDB DEFAULT CHARSET=utf8mb4 COLLATE=utf8mb4_unicode_ci;

--
-- Dumping data untuk tabel `categories`
--

INSERT INTO `categories` (`id`, `name`, `icon`, `color`, `type`, `created_at`, `updated_at`) VALUES
(1, 'Outgoing Transfer', '⬆️', '#FF6B6B', 'EXPENSE', '2025-07-30 01:58:08', '2025-07-30 01:58:08'),
(2, 'Incoming Transfer', '⬇️', '#00B894', 'INCOME', '2025-07-30 01:58:08', '2025-07-30 01:58:08'),
(3, 'Food & Drinks', '🍔', '#FF6B6B', 'EXPENSE', '2025-07-30 01:58:08', '2025-07-30 01:58:08'),
(4, 'Transport', '🚌', '#4ECDC4', 'EXPENSE', '2025-07-30 01:58:08', '2025-07-30 01:58:08'),
(5, 'Shopping', '🛍️', '#FFA07A', 'EXPENSE', '2025-07-30 01:58:08', '2025-07-30 01:58:08'),
(6, 'Housing', '🏠', '#6C5CE7', 'EXPENSE', '2025-07-30 01:58:08', '2025-07-30 01:58:08'),
(7, 'Utilities', '💡', '#F8C291', 'EXPENSE', '2025-07-30 01:58:08', '2025-07-30 01:58:08'),
(8, 'Health', '🏥', '#74B9FF', 'EXPENSE', '2025-07-30 01:58:08', '2025-07-30 01:58:08'),
(9, 'Entertainment', '🎮', '#FF9F43', 'EXPENSE', '2025-07-30 01:58:08', '2025-07-30 01:58:08'),
(10, 'Travel', '✈️', '#00B894', 'EXPENSE', '2025-07-30 01:58:08', '2025-07-30 01:58:08'),
(11, 'Education', '🎓', '#A29BFE', 'EXPENSE', '2025-07-30 01:58:08', '2025-07-30 01:58:08'),
(12, 'Insurance', '🛡️', '#D63031', 'EXPENSE', '2025-07-30 01:58:08', '2025-07-30 01:58:08'),
(13, 'Groceries', '🛒', '#55EFC4', 'EXPENSE', '2025-07-30 01:58:08', '2025-07-30 01:58:08'),
(14, 'Others', '📦', '#B2BEC3', 'EXPENSE', '2025-07-30 01:58:08', '2025-07-30 01:58:08'),
(15, 'Salary', '💼', '#00B894', 'INCOME', '2025-07-30 01:58:08', '2025-07-30 01:58:08'),
(16, 'Freelance', '🧑‍💻', '#0984E3', 'INCOME', '2025-07-30 01:58:08', '2025-07-30 01:58:08'),
(17, 'Business', '🏢', '#6C5CE7', 'INCOME', '2025-07-30 01:58:08', '2025-07-30 01:58:08'),
(18, 'Investments', '📈', '#00CEC9', 'INCOME', '2025-07-30 01:58:08', '2025-07-30 01:58:08'),
(19, 'Gifts', '🎁', '#FAB1A0', 'INCOME', '2025-07-30 01:58:08', '2025-07-30 01:58:08'),
(20, 'Rental Income', '🏘️', '#E17055', 'INCOME', '2025-07-30 01:58:08', '2025-07-30 01:58:08'),
(21, 'Interest', '🏦', '#FD79A8', 'INCOME', '2025-07-30 01:58:08', '2025-07-30 01:58:08'),
(22, 'Refunds', '🔁', '#B2BEC3', 'INCOME', '2025-07-30 01:58:08', '2025-07-30 01:58:08'),
(23, 'Others', '📦', '#D3D3D3', 'INCOME', '2025-07-30 01:58:08', '2025-07-30 01:58:08');

-- --------------------------------------------------------

--
-- Struktur dari tabel `currencies`
--

CREATE TABLE `currencies` (
  `id` bigint UNSIGNED NOT NULL,
  `name` varchar(255) COLLATE utf8mb4_unicode_ci NOT NULL,
  `symbol` varchar(255) COLLATE utf8mb4_unicode_ci NOT NULL,
  `code` varchar(255) COLLATE utf8mb4_unicode_ci NOT NULL,
  `created_at` timestamp NULL DEFAULT NULL,
  `updated_at` timestamp NULL DEFAULT NULL
) ENGINE=InnoDB DEFAULT CHARSET=utf8mb4 COLLATE=utf8mb4_unicode_ci;

--
-- Dumping data untuk tabel `currencies`
--

INSERT INTO `currencies` (`id`, `name`, `symbol`, `code`, `created_at`, `updated_at`) VALUES
(1, 'US Dollar', '$', 'USD', '2025-07-30 01:58:04', '2025-07-30 01:58:04'),
(2, 'Canadian Dollar', 'CA$', 'CAD', '2025-07-30 01:58:04', '2025-07-30 01:58:04'),
(3, 'Euro', '€', 'EUR', '2025-07-30 01:58:04', '2025-07-30 01:58:04'),
(4, 'United Arab Emirates Dirham', 'AED', 'AED', '2025-07-30 01:58:04', '2025-07-30 01:58:04'),
(5, 'Afghan Afghani', 'Af', 'AFN', '2025-07-30 01:58:04', '2025-07-30 01:58:04'),
(6, 'Albanian Lek', 'ALL', 'ALL', '2025-07-30 01:58:04', '2025-07-30 01:58:04'),
(7, 'Armenian Dram', 'AMD', 'AMD', '2025-07-30 01:58:04', '2025-07-30 01:58:04'),
(8, 'Argentine Peso', 'AR$', 'ARS', '2025-07-30 01:58:04', '2025-07-30 01:58:04'),
(9, 'Australian Dollar', 'AU$', 'AUD', '2025-07-30 01:58:04', '2025-07-30 01:58:04'),
(10, 'Azerbaijani Manat', 'man.', 'AZN', '2025-07-30 01:58:04', '2025-07-30 01:58:04'),
(11, 'Bosnia-Herzegovina Convertible Mark', 'KM', 'BAM', '2025-07-30 01:58:04', '2025-07-30 01:58:04'),
(12, 'Bangladeshi Taka', 'Tk', 'BDT', '2025-07-30 01:58:04', '2025-07-30 01:58:04'),
(13, 'Bulgarian Lev', 'BGN', 'BGN', '2025-07-30 01:58:04', '2025-07-30 01:58:04'),
(14, 'Bahraini Dinar', 'BD', 'BHD', '2025-07-30 01:58:04', '2025-07-30 01:58:04'),
(15, 'Burundian Franc', 'FBu', 'BIF', '2025-07-30 01:58:04', '2025-07-30 01:58:04'),
(16, 'Brunei Dollar', 'BN$', 'BND', '2025-07-30 01:58:04', '2025-07-30 01:58:04'),
(17, 'Bolivian Boliviano', 'Bs', 'BOB', '2025-07-30 01:58:04', '2025-07-30 01:58:04'),
(18, 'Brazilian Real', 'R$', 'BRL', '2025-07-30 01:58:04', '2025-07-30 01:58:04'),
(19, 'Botswanan Pula', 'BWP', 'BWP', '2025-07-30 01:58:04', '2025-07-30 01:58:04'),
(20, 'Belarusian Ruble', 'Br', 'BYN', '2025-07-30 01:58:04', '2025-07-30 01:58:04'),
(21, 'Belize Dollar', 'BZ$', 'BZD', '2025-07-30 01:58:04', '2025-07-30 01:58:04'),
(22, 'Congolese Franc', 'CDF', 'CDF', '2025-07-30 01:58:04', '2025-07-30 01:58:04'),
(23, 'Swiss Franc', 'CHF', 'CHF', '2025-07-30 01:58:04', '2025-07-30 01:58:04'),
(24, 'Chilean Peso', 'CL$', 'CLP', '2025-07-30 01:58:04', '2025-07-30 01:58:04'),
(25, 'Chinese Yuan', 'CN¥', 'CNY', '2025-07-30 01:58:04', '2025-07-30 01:58:04'),
(26, 'Colombian Peso', 'CO$', 'COP', '2025-07-30 01:58:04', '2025-07-30 01:58:04'),
(27, 'Costa Rican Colón', '₡', 'CRC', '2025-07-30 01:58:04', '2025-07-30 01:58:04'),
(28, 'Cape Verdean Escudo', 'CV$', 'CVE', '2025-07-30 01:58:04', '2025-07-30 01:58:04'),
(29, 'Czech Republic Koruna', 'Kč', 'CZK', '2025-07-30 01:58:04', '2025-07-30 01:58:04'),
(30, 'Djiboutian Franc', 'Fdj', 'DJF', '2025-07-30 01:58:04', '2025-07-30 01:58:04'),
(31, 'Danish Krone', 'Dkr', 'DKK', '2025-07-30 01:58:04', '2025-07-30 01:58:04'),
(32, 'Dominican Peso', 'RD$', 'DOP', '2025-07-30 01:58:04', '2025-07-30 01:58:04'),
(33, 'Algerian Dinar', 'DA', 'DZD', '2025-07-30 01:58:04', '2025-07-30 01:58:04'),
(34, 'Estonian Kroon', 'Ekr', 'EEK', '2025-07-30 01:58:04', '2025-07-30 01:58:04'),
(35, 'Egyptian Pound', 'EGP', 'EGP', '2025-07-30 01:58:04', '2025-07-30 01:58:04'),
(36, 'Eritrean Nakfa', 'Nfk', 'ERN', '2025-07-30 01:58:04', '2025-07-30 01:58:04'),
(37, 'Ethiopian Birr', 'Br', 'ETB', '2025-07-30 01:58:04', '2025-07-30 01:58:04'),
(38, 'British Pound Sterling', '£', 'GBP', '2025-07-30 01:58:04', '2025-07-30 01:58:04'),
(39, 'Georgian Lari', 'GEL', 'GEL', '2025-07-30 01:58:04', '2025-07-30 01:58:04'),
(40, 'Ghanaian Cedi', 'GH₵', 'GHS', '2025-07-30 01:58:04', '2025-07-30 01:58:04'),
(41, 'Guinean Franc', 'FG', 'GNF', '2025-07-30 01:58:04', '2025-07-30 01:58:04'),
(42, 'Guatemalan Quetzal', 'GTQ', 'GTQ', '2025-07-30 01:58:04', '2025-07-30 01:58:04'),
(43, 'Hong Kong Dollar', 'HK$', 'HKD', '2025-07-30 01:58:04', '2025-07-30 01:58:04'),
(44, 'Honduran Lempira', 'HNL', 'HNL', '2025-07-30 01:58:04', '2025-07-30 01:58:04'),
(45, 'Croatian Kuna', 'kn', 'HRK', '2025-07-30 01:58:04', '2025-07-30 01:58:04'),
(46, 'Hungarian Forint', 'Ft', 'HUF', '2025-07-30 01:58:04', '2025-07-30 01:58:04'),
(47, 'Indonesian Rupiah', 'Rp', 'IDR', '2025-07-30 01:58:04', '2025-07-30 01:58:04'),
(48, 'Israeli New Sheqel', '₪', 'ILS', '2025-07-30 01:58:04', '2025-07-30 01:58:04'),
(49, 'Indian Rupee', '₹', 'INR', '2025-07-30 01:58:04', '2025-07-30 01:58:04'),
(50, 'Iraqi Dinar', 'IQD', 'IQD', '2025-07-30 01:58:04', '2025-07-30 01:58:04'),
(51, 'Iranian Rial', 'IRR', 'IRR', '2025-07-30 01:58:04', '2025-07-30 01:58:04'),
(52, 'Icelandic Króna', 'Ikr', 'ISK', '2025-07-30 01:58:04', '2025-07-30 01:58:04'),
(53, 'Jamaican Dollar', 'J$', 'JMD', '2025-07-30 01:58:04', '2025-07-30 01:58:04'),
(54, 'Jordanian Dinar', 'JD', 'JOD', '2025-07-30 01:58:04', '2025-07-30 01:58:04'),
(55, 'Japanese Yen', '¥', 'JPY', '2025-07-30 01:58:04', '2025-07-30 01:58:04'),
(56, 'Kenyan Shilling', 'Ksh', 'KES', '2025-07-30 01:58:04', '2025-07-30 01:58:04'),
(57, 'Cambodian Riel', 'KHR', 'KHR', '2025-07-30 01:58:04', '2025-07-30 01:58:04'),
(58, 'Comorian Franc', 'CF', 'KMF', '2025-07-30 01:58:04', '2025-07-30 01:58:04'),
(59, 'South Korean Won', '₩', 'KRW', '2025-07-30 01:58:04', '2025-07-30 01:58:04'),
(60, 'Kuwaiti Dinar', 'KD', 'KWD', '2025-07-30 01:58:04', '2025-07-30 01:58:04'),
(61, 'Kazakhstani Tenge', 'KZT', 'KZT', '2025-07-30 01:58:04', '2025-07-30 01:58:04'),
(62, 'Lebanese Pound', 'LB£', 'LBP', '2025-07-30 01:58:04', '2025-07-30 01:58:04'),
(63, 'Sri Lankan Rupee', 'SLRs', 'LKR', '2025-07-30 01:58:04', '2025-07-30 01:58:04'),
(64, 'Lithuanian Litas', 'Lt', 'LTL', '2025-07-30 01:58:04', '2025-07-30 01:58:04'),
(65, 'Latvian Lats', 'Ls', 'LVL', '2025-07-30 01:58:04', '2025-07-30 01:58:04'),
(66, 'Libyan Dinar', 'LD', 'LYD', '2025-07-30 01:58:04', '2025-07-30 01:58:04'),
(67, 'Moroccan Dirham', 'MAD', 'MAD', '2025-07-30 01:58:04', '2025-07-30 01:58:04'),
(68, 'Moldovan Leu', 'MDL', 'MDL', '2025-07-30 01:58:04', '2025-07-30 01:58:04'),
(69, 'Malagasy Ariary', 'MGA', 'MGA', '2025-07-30 01:58:04', '2025-07-30 01:58:04'),
(70, 'Macedonian Denar', 'MKD', 'MKD', '2025-07-30 01:58:04', '2025-07-30 01:58:04'),
(71, 'Myanma Kyat', 'MMK', 'MMK', '2025-07-30 01:58:04', '2025-07-30 01:58:04'),
(72, 'Macanese Pataca', 'MOP$', 'MOP', '2025-07-30 01:58:04', '2025-07-30 01:58:04'),
(73, 'Mauritian Rupee', 'MURs', 'MUR', '2025-07-30 01:58:04', '2025-07-30 01:58:04'),
(74, 'Mexican Peso', 'MX$', 'MXN', '2025-07-30 01:58:04', '2025-07-30 01:58:04'),
(75, 'Malaysian Ringgit', 'RM', 'MYR', '2025-07-30 01:58:04', '2025-07-30 01:58:04'),
(76, 'Mozambican Metical', 'MTn', 'MZN', '2025-07-30 01:58:04', '2025-07-30 01:58:04'),
(77, 'Namibian Dollar', 'N$', 'NAD', '2025-07-30 01:58:04', '2025-07-30 01:58:04'),
(78, 'Nigerian Naira', '₦', 'NGN', '2025-07-30 01:58:04', '2025-07-30 01:58:04'),
(79, 'Nicaraguan Córdoba', 'C$', 'NIO', '2025-07-30 01:58:04', '2025-07-30 01:58:04'),
(80, 'Norwegian Krone', 'Nkr', 'NOK', '2025-07-30 01:58:04', '2025-07-30 01:58:04'),
(81, 'Nepalese Rupee', 'NPRs', 'NPR', '2025-07-30 01:58:04', '2025-07-30 01:58:04'),
(82, 'New Zealand Dollar', 'NZ$', 'NZD', '2025-07-30 01:58:04', '2025-07-30 01:58:04'),
(83, 'Omani Rial', 'OMR', 'OMR', '2025-07-30 01:58:04', '2025-07-30 01:58:04'),
(84, 'Panamanian Balboa', 'B/.', 'PAB', '2025-07-30 01:58:04', '2025-07-30 01:58:04'),
(85, 'Peruvian Nuevo Sol', 'S/.', 'PEN', '2025-07-30 01:58:04', '2025-07-30 01:58:04'),
(86, 'Philippine Peso', '₱', 'PHP', '2025-07-30 01:58:04', '2025-07-30 01:58:04'),
(87, 'Pakistani Rupee', 'PKRs', 'PKR', '2025-07-30 01:58:04', '2025-07-30 01:58:04'),
(88, 'Polish Zloty', 'zł', 'PLN', '2025-07-30 01:58:04', '2025-07-30 01:58:04'),
(89, 'Paraguayan Guarani', '₲', 'PYG', '2025-07-30 01:58:04', '2025-07-30 01:58:04'),
(90, 'Qatari Rial', 'QR', 'QAR', '2025-07-30 01:58:04', '2025-07-30 01:58:04'),
(91, 'Romanian Leu', 'RON', 'RON', '2025-07-30 01:58:04', '2025-07-30 01:58:04'),
(92, 'Serbian Dinar', 'din.', 'RSD', '2025-07-30 01:58:04', '2025-07-30 01:58:04'),
(93, 'Russian Ruble', 'RUB', 'RUB', '2025-07-30 01:58:04', '2025-07-30 01:58:04'),
(94, 'Rwandan Franc', 'RWF', 'RWF', '2025-07-30 01:58:04', '2025-07-30 01:58:04'),
(95, 'Saudi Riyal', 'SR', 'SAR', '2025-07-30 01:58:04', '2025-07-30 01:58:04'),
(96, 'Sudanese Pound', 'SDG', 'SDG', '2025-07-30 01:58:04', '2025-07-30 01:58:04'),
(97, 'Swedish Krona', 'Skr', 'SEK', '2025-07-30 01:58:04', '2025-07-30 01:58:04'),
(98, 'Singapore Dollar', 'S$', 'SGD', '2025-07-30 01:58:04', '2025-07-30 01:58:04'),
(99, 'Somali Shilling', 'Ssh', 'SOS', '2025-07-30 01:58:04', '2025-07-30 01:58:04'),
(100, 'Syrian Pound', 'SY£', 'SYP', '2025-07-30 01:58:04', '2025-07-30 01:58:04'),
(101, 'Thai Baht', '฿', 'THB', '2025-07-30 01:58:05', '2025-07-30 01:58:05'),
(102, 'Tunisian Dinar', 'DT', 'TND', '2025-07-30 01:58:05', '2025-07-30 01:58:05'),
(103, 'Tongan Paʻanga', 'T$', 'TOP', '2025-07-30 01:58:05', '2025-07-30 01:58:05'),
(104, 'Turkish Lira', 'TL', 'TRY', '2025-07-30 01:58:05', '2025-07-30 01:58:05'),
(105, 'Trinidad and Tobago Dollar', 'TT$', 'TTD', '2025-07-30 01:58:05', '2025-07-30 01:58:05'),
(106, 'New Taiwan Dollar', 'NT$', 'TWD', '2025-07-30 01:58:05', '2025-07-30 01:58:05'),
(107, 'Tanzanian Shilling', 'TSh', 'TZS', '2025-07-30 01:58:05', '2025-07-30 01:58:05'),
(108, 'Ukrainian Hryvnia', '₴', 'UAH', '2025-07-30 01:58:05', '2025-07-30 01:58:05'),
(109, 'Ugandan Shilling', 'USh', 'UGX', '2025-07-30 01:58:05', '2025-07-30 01:58:05'),
(110, 'Uruguayan Peso', '$U', 'UYU', '2025-07-30 01:58:05', '2025-07-30 01:58:05'),
(111, 'Uzbekistan Som', 'UZS', 'UZS', '2025-07-30 01:58:05', '2025-07-30 01:58:05'),
(112, 'Venezuelan Bolívar', 'Bs.F.', 'VEF', '2025-07-30 01:58:05', '2025-07-30 01:58:05'),
(113, 'Vietnamese Dong', '₫', 'VND', '2025-07-30 01:58:05', '2025-07-30 01:58:05'),
(114, 'CFA Franc BEAC', 'FCFA', 'XAF', '2025-07-30 01:58:05', '2025-07-30 01:58:05'),
(115, 'CFA Franc BCEAO', 'CFA', 'XOF', '2025-07-30 01:58:05', '2025-07-30 01:58:05'),
(116, 'Yemeni Rial', 'YR', 'YER', '2025-07-30 01:58:05', '2025-07-30 01:58:05'),
(117, 'South African Rand', 'R', 'ZAR', '2025-07-30 01:58:05', '2025-07-30 01:58:05'),
(118, 'Zambian Kwacha', 'ZK', 'ZMK', '2025-07-30 01:58:05', '2025-07-30 01:58:05'),
(119, 'Zimbabwean Dollar', 'ZWL$', 'ZWL', '2025-07-30 01:58:05', '2025-07-30 01:58:05');

-- --------------------------------------------------------

--
-- Struktur dari tabel `failed_jobs`
--

CREATE TABLE `failed_jobs` (
  `id` bigint UNSIGNED NOT NULL,
  `uuid` varchar(255) COLLATE utf8mb4_unicode_ci NOT NULL,
  `connection` text COLLATE utf8mb4_unicode_ci NOT NULL,
  `queue` text COLLATE utf8mb4_unicode_ci NOT NULL,
  `payload` longtext COLLATE utf8mb4_unicode_ci NOT NULL,
  `exception` longtext COLLATE utf8mb4_unicode_ci NOT NULL,
  `failed_at` timestamp NOT NULL DEFAULT CURRENT_TIMESTAMP
) ENGINE=InnoDB DEFAULT CHARSET=utf8mb4 COLLATE=utf8mb4_unicode_ci;

-- --------------------------------------------------------

--
-- Struktur dari tabel `jobs`
--

CREATE TABLE `jobs` (
  `id` bigint UNSIGNED NOT NULL,
  `queue` varchar(255) COLLATE utf8mb4_unicode_ci NOT NULL,
  `payload` longtext COLLATE utf8mb4_unicode_ci NOT NULL,
  `attempts` tinyint UNSIGNED NOT NULL,
  `reserved_at` int UNSIGNED DEFAULT NULL,
  `available_at` int UNSIGNED NOT NULL,
  `created_at` int UNSIGNED NOT NULL
) ENGINE=InnoDB DEFAULT CHARSET=utf8mb4 COLLATE=utf8mb4_unicode_ci;

-- --------------------------------------------------------

--
-- Struktur dari tabel `job_batches`
--

CREATE TABLE `job_batches` (
  `id` varchar(255) COLLATE utf8mb4_unicode_ci NOT NULL,
  `name` varchar(255) COLLATE utf8mb4_unicode_ci NOT NULL,
  `total_jobs` int NOT NULL,
  `pending_jobs` int NOT NULL,
  `failed_jobs` int NOT NULL,
  `failed_job_ids` longtext COLLATE utf8mb4_unicode_ci NOT NULL,
  `options` mediumtext COLLATE utf8mb4_unicode_ci,
  `cancelled_at` int DEFAULT NULL,
  `created_at` int NOT NULL,
  `finished_at` int DEFAULT NULL
) ENGINE=InnoDB DEFAULT CHARSET=utf8mb4 COLLATE=utf8mb4_unicode_ci;

-- --------------------------------------------------------

--
-- Struktur dari tabel `migrations`
--

CREATE TABLE `migrations` (
  `id` int UNSIGNED NOT NULL,
  `migration` varchar(255) COLLATE utf8mb4_unicode_ci NOT NULL,
  `batch` int NOT NULL
) ENGINE=InnoDB DEFAULT CHARSET=utf8mb4 COLLATE=utf8mb4_unicode_ci;

--
-- Dumping data untuk tabel `migrations`
--

INSERT INTO `migrations` (`id`, `migration`, `batch`) VALUES
(1, '0001_01_01_000000_create_users_table', 1),
(2, '0001_01_01_000001_create_cache_table', 1),
(3, '0001_01_01_000002_create_jobs_table', 1),
(4, '0001_01_01_000003_create_currencies_table', 1),
(5, '0001_01_01_000004_create_wallets_table', 1),
(6, '0001_01_01_000005_create_categories_table', 1),
(7, '2025_07_09_125228_create_transactions_table', 1),
(8, '2025_07_09_125233_create_budgets_table', 1),
(9, '2025_07_09_134919_create_personal_access_tokens_table', 1),
(10, '2025_07_09_135707_create_sessions_table', 1);

-- --------------------------------------------------------

--
-- Struktur dari tabel `personal_access_tokens`
--

CREATE TABLE `personal_access_tokens` (
  `id` bigint UNSIGNED NOT NULL,
  `tokenable_type` varchar(255) COLLATE utf8mb4_unicode_ci NOT NULL,
  `tokenable_id` bigint UNSIGNED NOT NULL,
  `name` text COLLATE utf8mb4_unicode_ci NOT NULL,
  `token` varchar(64) COLLATE utf8mb4_unicode_ci NOT NULL,
  `abilities` text COLLATE utf8mb4_unicode_ci,
  `last_used_at` timestamp NULL DEFAULT NULL,
  `expires_at` timestamp NULL DEFAULT NULL,
  `created_at` timestamp NULL DEFAULT NULL,
  `updated_at` timestamp NULL DEFAULT NULL
) ENGINE=InnoDB DEFAULT CHARSET=utf8mb4 COLLATE=utf8mb4_unicode_ci;

-- --------------------------------------------------------

--
-- Struktur dari tabel `sessions`
--

CREATE TABLE `sessions` (
  `id` varchar(255) COLLATE utf8mb4_unicode_ci NOT NULL,
  `user_id` bigint UNSIGNED DEFAULT NULL,
  `ip_address` varchar(45) COLLATE utf8mb4_unicode_ci DEFAULT NULL,
  `user_agent` text COLLATE utf8mb4_unicode_ci,
  `payload` longtext COLLATE utf8mb4_unicode_ci NOT NULL,
  `last_activity` int NOT NULL
) ENGINE=InnoDB DEFAULT CHARSET=utf8mb4 COLLATE=utf8mb4_unicode_ci;

-- --------------------------------------------------------

--
-- Struktur dari tabel `transactions`
--

CREATE TABLE `transactions` (
  `id` bigint UNSIGNED NOT NULL,
  `category_id` bigint UNSIGNED NOT NULL,
  `wallet_id` bigint UNSIGNED NOT NULL,
  `amount` bigint UNSIGNED NOT NULL,
  `note` varchar(255) COLLATE utf8mb4_unicode_ci DEFAULT NULL,
  `date` date NOT NULL,
  `created_at` timestamp NULL DEFAULT NULL,
  `updated_at` timestamp NULL DEFAULT NULL
) ENGINE=InnoDB DEFAULT CHARSET=utf8mb4 COLLATE=utf8mb4_unicode_ci;

--
-- Dumping data untuk tabel `transactions`
--

INSERT INTO `transactions` (`id`, `category_id`, `wallet_id`, `amount`, `note`, `date`, `created_at`, `updated_at`) VALUES
(1, 15, 2, 7000000, '1th month salary', '2025-01-01', '2025-07-30 01:58:08', '2025-07-30 01:58:08'),
(2, 1, 2, 1050000, 'Moved to Cash', '2025-01-01', '2025-07-30 01:58:08', '2025-07-30 01:58:08'),
(3, 2, 1, 1050000, 'Received from Bank', '2025-01-01', '2025-07-30 01:58:08', '2025-07-30 01:58:08'),
(4, 1, 2, 1050000, 'Moved to E-Wallet', '2025-01-01', '2025-07-30 01:58:08', '2025-07-30 01:58:08'),
(5, 2, 3, 1050000, 'Received from Bank', '2025-01-01', '2025-07-30 01:58:08', '2025-07-30 01:58:08'),
(6, 1, 2, 700000, 'Moved to Stock', '2025-01-01', '2025-07-30 01:58:08', '2025-07-30 01:58:08'),
(7, 2, 4, 700000, 'Received from Bank', '2025-01-01', '2025-07-30 01:58:08', '2025-07-30 01:58:08'),
(8, 1, 2, 2450000, 'Moved to Reksadana', '2025-01-01', '2025-07-30 01:58:08', '2025-07-30 01:58:08'),
(9, 2, 5, 2450000, 'Received from Bank', '2025-01-01', '2025-07-30 01:58:08', '2025-07-30 01:58:08'),
(10, 12, 3, 30000, '', '2025-01-24', '2025-07-30 01:58:08', '2025-07-30 01:58:08'),
(11, 11, 1, 100000, '', '2025-01-19', '2025-07-30 01:58:08', '2025-07-30 01:58:08'),
(12, 10, 1, 100000, '', '2025-01-08', '2025-07-30 01:58:08', '2025-07-30 01:58:08'),
(13, 6, 3, 70000, '', '2025-01-09', '2025-07-30 01:58:08', '2025-07-30 01:58:08'),
(14, 12, 3, 40000, '', '2025-01-23', '2025-07-30 01:58:08', '2025-07-30 01:58:08'),
(15, 5, 1, 35000, '', '2025-01-17', '2025-07-30 01:58:08', '2025-07-30 01:58:08'),
(16, 8, 1, 30000, '', '2025-01-16', '2025-07-30 01:58:08', '2025-07-30 01:58:08'),
(17, 6, 3, 85000, '', '2025-01-10', '2025-07-30 01:58:08', '2025-07-30 01:58:08'),
(18, 12, 1, 65000, '', '2025-01-11', '2025-07-30 01:58:09', '2025-07-30 01:58:09'),
(19, 10, 1, 70000, '', '2025-01-10', '2025-07-30 01:58:09', '2025-07-30 01:58:09'),
(20, 6, 1, 35000, '', '2025-01-20', '2025-07-30 01:58:09', '2025-07-30 01:58:09'),
(21, 14, 1, 75000, '', '2025-01-18', '2025-07-30 01:58:09', '2025-07-30 01:58:09'),
(22, 8, 3, 60000, '', '2025-01-14', '2025-07-30 01:58:09', '2025-07-30 01:58:09'),
(23, 12, 1, 25000, '', '2025-01-22', '2025-07-30 01:58:09', '2025-07-30 01:58:09'),
(24, 7, 3, 75000, '', '2025-01-08', '2025-07-30 01:58:09', '2025-07-30 01:58:09'),
(25, 15, 2, 7000000, '2th month salary', '2025-02-01', '2025-07-30 01:58:09', '2025-07-30 01:58:09'),
(26, 1, 2, 1050000, 'Moved to Cash', '2025-02-01', '2025-07-30 01:58:09', '2025-07-30 01:58:09'),
(27, 2, 1, 1050000, 'Received from Bank', '2025-02-01', '2025-07-30 01:58:09', '2025-07-30 01:58:09'),
(28, 1, 2, 1050000, 'Moved to E-Wallet', '2025-02-01', '2025-07-30 01:58:09', '2025-07-30 01:58:09'),
(29, 2, 3, 1050000, 'Received from Bank', '2025-02-01', '2025-07-30 01:58:09', '2025-07-30 01:58:09'),
(30, 1, 2, 700000, 'Moved to Stock', '2025-02-01', '2025-07-30 01:58:09', '2025-07-30 01:58:09'),
(31, 2, 4, 700000, 'Received from Bank', '2025-02-01', '2025-07-30 01:58:09', '2025-07-30 01:58:09'),
(32, 1, 2, 2450000, 'Moved to Reksadana', '2025-02-01', '2025-07-30 01:58:09', '2025-07-30 01:58:09'),
(33, 2, 5, 2450000, 'Received from Bank', '2025-02-01', '2025-07-30 01:58:09', '2025-07-30 01:58:09'),
(34, 11, 3, 20000, '', '2025-02-04', '2025-07-30 01:58:09', '2025-07-30 01:58:09'),
(35, 14, 3, 60000, '', '2025-02-03', '2025-07-30 01:58:09', '2025-07-30 01:58:09'),
(36, 12, 3, 50000, '', '2025-02-23', '2025-07-30 01:58:09', '2025-07-30 01:58:09'),
(37, 10, 1, 85000, '', '2025-02-15', '2025-07-30 01:58:09', '2025-07-30 01:58:09'),
(38, 9, 1, 95000, '', '2025-02-15', '2025-07-30 01:58:09', '2025-07-30 01:58:09'),
(39, 6, 3, 25000, '', '2025-02-10', '2025-07-30 01:58:09', '2025-07-30 01:58:09'),
(40, 14, 1, 70000, '', '2025-02-23', '2025-07-30 01:58:09', '2025-07-30 01:58:09'),
(41, 12, 3, 70000, '', '2025-02-24', '2025-07-30 01:58:09', '2025-07-30 01:58:09'),
(42, 9, 1, 65000, '', '2025-02-28', '2025-07-30 01:58:09', '2025-07-30 01:58:09'),
(43, 7, 1, 50000, '', '2025-02-17', '2025-07-30 01:58:09', '2025-07-30 01:58:09'),
(44, 7, 1, 5000, '', '2025-02-04', '2025-07-30 01:58:09', '2025-07-30 01:58:09'),
(45, 6, 3, 10000, '', '2025-02-26', '2025-07-30 01:58:09', '2025-07-30 01:58:09'),
(46, 5, 1, 30000, '', '2025-02-25', '2025-07-30 01:58:09', '2025-07-30 01:58:09'),
(47, 6, 3, 20000, '', '2025-02-15', '2025-07-30 01:58:09', '2025-07-30 01:58:09'),
(48, 12, 3, 55000, '', '2025-02-07', '2025-07-30 01:58:09', '2025-07-30 01:58:09'),
(49, 15, 2, 7000000, '3th month salary', '2025-03-01', '2025-07-30 01:58:09', '2025-07-30 01:58:09'),
(50, 1, 2, 1050000, 'Moved to Cash', '2025-03-01', '2025-07-30 01:58:09', '2025-07-30 01:58:09'),
(51, 2, 1, 1050000, 'Received from Bank', '2025-03-01', '2025-07-30 01:58:09', '2025-07-30 01:58:09'),
(52, 1, 2, 1050000, 'Moved to E-Wallet', '2025-03-01', '2025-07-30 01:58:09', '2025-07-30 01:58:09'),
(53, 2, 3, 1050000, 'Received from Bank', '2025-03-01', '2025-07-30 01:58:09', '2025-07-30 01:58:09'),
(54, 1, 2, 700000, 'Moved to Stock', '2025-03-01', '2025-07-30 01:58:09', '2025-07-30 01:58:09'),
(55, 2, 4, 700000, 'Received from Bank', '2025-03-01', '2025-07-30 01:58:09', '2025-07-30 01:58:09'),
(56, 1, 2, 2450000, 'Moved to Reksadana', '2025-03-01', '2025-07-30 01:58:09', '2025-07-30 01:58:09'),
(57, 2, 5, 2450000, 'Received from Bank', '2025-03-01', '2025-07-30 01:58:09', '2025-07-30 01:58:09'),
(58, 3, 3, 85000, '', '2025-03-09', '2025-07-30 01:58:09', '2025-07-30 01:58:09'),
(59, 12, 1, 15000, '', '2025-03-11', '2025-07-30 01:58:09', '2025-07-30 01:58:09'),
(60, 4, 3, 95000, '', '2025-03-21', '2025-07-30 01:58:09', '2025-07-30 01:58:09'),
(61, 5, 1, 50000, '', '2025-03-05', '2025-07-30 01:58:09', '2025-07-30 01:58:09'),
(62, 3, 1, 40000, '', '2025-03-19', '2025-07-30 01:58:09', '2025-07-30 01:58:09'),
(63, 11, 3, 10000, '', '2025-03-05', '2025-07-30 01:58:09', '2025-07-30 01:58:09'),
(64, 11, 1, 80000, '', '2025-03-25', '2025-07-30 01:58:09', '2025-07-30 01:58:09'),
(65, 14, 1, 80000, '', '2025-03-03', '2025-07-30 01:58:09', '2025-07-30 01:58:09'),
(66, 11, 3, 100000, '', '2025-03-29', '2025-07-30 01:58:09', '2025-07-30 01:58:09'),
(67, 7, 1, 75000, '', '2025-03-14', '2025-07-30 01:58:09', '2025-07-30 01:58:09'),
(68, 11, 3, 80000, '', '2025-03-11', '2025-07-30 01:58:09', '2025-07-30 01:58:09'),
(69, 10, 1, 40000, '', '2025-03-08', '2025-07-30 01:58:09', '2025-07-30 01:58:09'),
(70, 14, 1, 25000, '', '2025-03-24', '2025-07-30 01:58:09', '2025-07-30 01:58:09'),
(71, 7, 3, 10000, '', '2025-03-02', '2025-07-30 01:58:09', '2025-07-30 01:58:09'),
(72, 13, 3, 100000, '', '2025-03-07', '2025-07-30 01:58:09', '2025-07-30 01:58:09'),
(73, 15, 2, 7000000, '4th month salary', '2025-04-01', '2025-07-30 01:58:09', '2025-07-30 01:58:09'),
(74, 1, 2, 1050000, 'Moved to Cash', '2025-04-01', '2025-07-30 01:58:09', '2025-07-30 01:58:09'),
(75, 2, 1, 1050000, 'Received from Bank', '2025-04-01', '2025-07-30 01:58:09', '2025-07-30 01:58:09'),
(76, 1, 2, 1050000, 'Moved to E-Wallet', '2025-04-01', '2025-07-30 01:58:09', '2025-07-30 01:58:09'),
(77, 2, 3, 1050000, 'Received from Bank', '2025-04-01', '2025-07-30 01:58:09', '2025-07-30 01:58:09'),
(78, 1, 2, 700000, 'Moved to Stock', '2025-04-01', '2025-07-30 01:58:09', '2025-07-30 01:58:09'),
(79, 2, 4, 700000, 'Received from Bank', '2025-04-01', '2025-07-30 01:58:09', '2025-07-30 01:58:09'),
(80, 1, 2, 2450000, 'Moved to Reksadana', '2025-04-01', '2025-07-30 01:58:09', '2025-07-30 01:58:09'),
(81, 2, 5, 2450000, 'Received from Bank', '2025-04-01', '2025-07-30 01:58:09', '2025-07-30 01:58:09'),
(82, 10, 3, 5000, '', '2025-04-25', '2025-07-30 01:58:09', '2025-07-30 01:58:09'),
(83, 9, 1, 90000, '', '2025-04-02', '2025-07-30 01:58:09', '2025-07-30 01:58:09'),
(84, 13, 1, 30000, '', '2025-04-18', '2025-07-30 01:58:09', '2025-07-30 01:58:09'),
(85, 13, 1, 60000, '', '2025-04-09', '2025-07-30 01:58:09', '2025-07-30 01:58:09'),
(86, 13, 1, 75000, '', '2025-04-14', '2025-07-30 01:58:09', '2025-07-30 01:58:09'),
(87, 14, 3, 20000, '', '2025-04-08', '2025-07-30 01:58:09', '2025-07-30 01:58:09'),
(88, 8, 3, 20000, '', '2025-04-02', '2025-07-30 01:58:09', '2025-07-30 01:58:09'),
(89, 10, 3, 90000, '', '2025-04-14', '2025-07-30 01:58:09', '2025-07-30 01:58:09'),
(90, 6, 1, 60000, '', '2025-04-03', '2025-07-30 01:58:09', '2025-07-30 01:58:09'),
(91, 10, 3, 35000, '', '2025-04-18', '2025-07-30 01:58:09', '2025-07-30 01:58:09'),
(92, 10, 3, 30000, '', '2025-04-30', '2025-07-30 01:58:09', '2025-07-30 01:58:09'),
(93, 4, 1, 25000, '', '2025-04-03', '2025-07-30 01:58:09', '2025-07-30 01:58:09'),
(94, 12, 1, 100000, '', '2025-04-25', '2025-07-30 01:58:09', '2025-07-30 01:58:09'),
(95, 11, 1, 25000, '', '2025-04-09', '2025-07-30 01:58:09', '2025-07-30 01:58:09'),
(96, 11, 1, 100000, '', '2025-04-10', '2025-07-30 01:58:09', '2025-07-30 01:58:09'),
(97, 15, 2, 7000000, '5th month salary', '2025-05-01', '2025-07-30 01:58:09', '2025-07-30 01:58:09'),
(98, 1, 2, 1050000, 'Moved to Cash', '2025-05-01', '2025-07-30 01:58:09', '2025-07-30 01:58:09'),
(99, 2, 1, 1050000, 'Received from Bank', '2025-05-01', '2025-07-30 01:58:09', '2025-07-30 01:58:09'),
(100, 1, 2, 1050000, 'Moved to E-Wallet', '2025-05-01', '2025-07-30 01:58:09', '2025-07-30 01:58:09'),
(101, 2, 3, 1050000, 'Received from Bank', '2025-05-01', '2025-07-30 01:58:09', '2025-07-30 01:58:09'),
(102, 1, 2, 700000, 'Moved to Stock', '2025-05-01', '2025-07-30 01:58:09', '2025-07-30 01:58:09'),
(103, 2, 4, 700000, 'Received from Bank', '2025-05-01', '2025-07-30 01:58:09', '2025-07-30 01:58:09'),
(104, 1, 2, 2450000, 'Moved to Reksadana', '2025-05-01', '2025-07-30 01:58:09', '2025-07-30 01:58:09'),
(105, 2, 5, 2450000, 'Received from Bank', '2025-05-01', '2025-07-30 01:58:09', '2025-07-30 01:58:09'),
(106, 8, 1, 90000, '', '2025-05-10', '2025-07-30 01:58:09', '2025-07-30 01:58:09'),
(107, 7, 3, 45000, '', '2025-05-03', '2025-07-30 01:58:09', '2025-07-30 01:58:09'),
(108, 7, 1, 30000, '', '2025-05-22', '2025-07-30 01:58:09', '2025-07-30 01:58:09'),
(109, 13, 1, 85000, '', '2025-05-25', '2025-07-30 01:58:09', '2025-07-30 01:58:09'),
(110, 14, 1, 30000, '', '2025-05-21', '2025-07-30 01:58:09', '2025-07-30 01:58:09'),
(111, 13, 3, 80000, '', '2025-05-12', '2025-07-30 01:58:09', '2025-07-30 01:58:09'),
(112, 11, 3, 75000, '', '2025-05-23', '2025-07-30 01:58:09', '2025-07-30 01:58:09'),
(113, 10, 1, 55000, '', '2025-05-07', '2025-07-30 01:58:09', '2025-07-30 01:58:09'),
(114, 3, 3, 80000, '', '2025-05-03', '2025-07-30 01:58:09', '2025-07-30 01:58:09'),
(115, 8, 3, 30000, '', '2025-05-30', '2025-07-30 01:58:09', '2025-07-30 01:58:09'),
(116, 13, 3, 50000, '', '2025-05-13', '2025-07-30 01:58:09', '2025-07-30 01:58:09'),
(117, 6, 3, 50000, '', '2025-05-29', '2025-07-30 01:58:09', '2025-07-30 01:58:09'),
(118, 12, 1, 95000, '', '2025-05-11', '2025-07-30 01:58:09', '2025-07-30 01:58:09'),
(119, 13, 1, 85000, '', '2025-05-27', '2025-07-30 01:58:09', '2025-07-30 01:58:09'),
(120, 7, 3, 25000, '', '2025-05-18', '2025-07-30 01:58:09', '2025-07-30 01:58:09'),
(121, 15, 2, 7000000, '6th month salary', '2025-06-01', '2025-07-30 01:58:09', '2025-07-30 01:58:09'),
(122, 1, 2, 1050000, 'Moved to Cash', '2025-06-01', '2025-07-30 01:58:09', '2025-07-30 01:58:09'),
(123, 2, 1, 1050000, 'Received from Bank', '2025-06-01', '2025-07-30 01:58:09', '2025-07-30 01:58:09'),
(124, 1, 2, 1050000, 'Moved to E-Wallet', '2025-06-01', '2025-07-30 01:58:09', '2025-07-30 01:58:09'),
(125, 2, 3, 1050000, 'Received from Bank', '2025-06-01', '2025-07-30 01:58:09', '2025-07-30 01:58:09'),
(126, 1, 2, 700000, 'Moved to Stock', '2025-06-01', '2025-07-30 01:58:09', '2025-07-30 01:58:09'),
(127, 2, 4, 700000, 'Received from Bank', '2025-06-01', '2025-07-30 01:58:09', '2025-07-30 01:58:09'),
(128, 1, 2, 2450000, 'Moved to Reksadana', '2025-06-01', '2025-07-30 01:58:09', '2025-07-30 01:58:09'),
(129, 2, 5, 2450000, 'Received from Bank', '2025-06-01', '2025-07-30 01:58:09', '2025-07-30 01:58:09'),
(130, 12, 1, 95000, '', '2025-06-30', '2025-07-30 01:58:09', '2025-07-30 01:58:09'),
(131, 9, 1, 10000, '', '2025-06-10', '2025-07-30 01:58:09', '2025-07-30 01:58:09'),
(132, 9, 3, 30000, '', '2025-06-04', '2025-07-30 01:58:09', '2025-07-30 01:58:09'),
(133, 7, 3, 45000, '', '2025-06-15', '2025-07-30 01:58:09', '2025-07-30 01:58:09'),
(134, 3, 3, 60000, '', '2025-06-06', '2025-07-30 01:58:09', '2025-07-30 01:58:09'),
(135, 4, 3, 15000, '', '2025-06-27', '2025-07-30 01:58:09', '2025-07-30 01:58:09'),
(136, 12, 1, 35000, '', '2025-06-06', '2025-07-30 01:58:09', '2025-07-30 01:58:09'),
(137, 5, 3, 25000, '', '2025-06-03', '2025-07-30 01:58:09', '2025-07-30 01:58:09'),
(138, 7, 1, 85000, '', '2025-06-02', '2025-07-30 01:58:09', '2025-07-30 01:58:09'),
(139, 14, 3, 65000, '', '2025-06-28', '2025-07-30 01:58:09', '2025-07-30 01:58:09'),
(140, 14, 3, 95000, '', '2025-06-14', '2025-07-30 01:58:09', '2025-07-30 01:58:09'),
(141, 6, 1, 75000, '', '2025-06-01', '2025-07-30 01:58:09', '2025-07-30 01:58:09'),
(142, 12, 3, 40000, '', '2025-06-27', '2025-07-30 01:58:09', '2025-07-30 01:58:09'),
(143, 10, 1, 15000, '', '2025-06-09', '2025-07-30 01:58:09', '2025-07-30 01:58:09'),
(144, 6, 1, 10000, '', '2025-06-17', '2025-07-30 01:58:09', '2025-07-30 01:58:09'),
(145, 15, 2, 7000000, '7th month salary', '2025-07-01', '2025-07-30 01:58:09', '2025-07-30 01:58:09'),
(146, 1, 2, 1050000, 'Moved to Cash', '2025-07-01', '2025-07-30 01:58:09', '2025-07-30 01:58:09'),
(147, 2, 1, 1050000, 'Received from Bank', '2025-07-01', '2025-07-30 01:58:09', '2025-07-30 01:58:09'),
(148, 1, 2, 1050000, 'Moved to E-Wallet', '2025-07-01', '2025-07-30 01:58:09', '2025-07-30 01:58:09'),
(149, 2, 3, 1050000, 'Received from Bank', '2025-07-01', '2025-07-30 01:58:09', '2025-07-30 01:58:09'),
(150, 1, 2, 700000, 'Moved to Stock', '2025-07-01', '2025-07-30 01:58:09', '2025-07-30 01:58:09'),
(151, 2, 4, 700000, 'Received from Bank', '2025-07-01', '2025-07-30 01:58:09', '2025-07-30 01:58:09'),
(152, 1, 2, 2450000, 'Moved to Reksadana', '2025-07-01', '2025-07-30 01:58:09', '2025-07-30 01:58:09'),
(153, 2, 5, 2450000, 'Received from Bank', '2025-07-01', '2025-07-30 01:58:09', '2025-07-30 01:58:09'),
(154, 10, 3, 10000, '', '2025-07-12', '2025-07-30 01:58:09', '2025-07-30 01:58:09'),
(155, 4, 1, 80000, '', '2025-07-30', '2025-07-30 01:58:09', '2025-07-30 01:58:09'),
(156, 10, 1, 50000, '', '2025-07-26', '2025-07-30 01:58:09', '2025-07-30 01:58:09'),
(157, 3, 3, 75000, '', '2025-07-28', '2025-07-30 01:58:09', '2025-07-30 01:58:09'),
(158, 8, 1, 45000, '', '2025-07-24', '2025-07-30 01:58:09', '2025-07-30 01:58:09'),
(159, 4, 3, 90000, '', '2025-07-30', '2025-07-30 01:58:10', '2025-07-30 01:58:10'),
(160, 10, 3, 40000, '', '2025-07-24', '2025-07-30 01:58:10', '2025-07-30 01:58:10'),
(161, 12, 1, 40000, '', '2025-07-09', '2025-07-30 01:58:10', '2025-07-30 01:58:10'),
(162, 11, 3, 15000, '', '2025-07-06', '2025-07-30 01:58:10', '2025-07-30 01:58:10'),
(163, 7, 1, 75000, '', '2025-07-19', '2025-07-30 01:58:10', '2025-07-30 01:58:10'),
(164, 6, 1, 45000, '', '2025-07-05', '2025-07-30 01:58:10', '2025-07-30 01:58:10'),
(165, 3, 1, 75000, '', '2025-07-07', '2025-07-30 01:58:10', '2025-07-30 01:58:10'),
(166, 12, 1, 85000, '', '2025-07-10', '2025-07-30 01:58:10', '2025-07-30 01:58:10'),
(167, 10, 3, 10000, '', '2025-07-13', '2025-07-30 01:58:10', '2025-07-30 01:58:10'),
(168, 14, 3, 70000, '', '2025-07-19', '2025-07-30 01:58:10', '2025-07-30 01:58:10'),
(169, 15, 7, 14000000, '1th month salary', '2025-01-01', '2025-07-30 01:58:10', '2025-07-30 01:58:10'),
(170, 1, 7, 2100000, 'Moved to Cash', '2025-01-01', '2025-07-30 01:58:10', '2025-07-30 01:58:10'),
(171, 2, 6, 2100000, 'Received from Bank', '2025-01-01', '2025-07-30 01:58:10', '2025-07-30 01:58:10'),
(172, 1, 7, 2100000, 'Moved to E-Wallet', '2025-01-01', '2025-07-30 01:58:10', '2025-07-30 01:58:10'),
(173, 2, 8, 2100000, 'Received from Bank', '2025-01-01', '2025-07-30 01:58:10', '2025-07-30 01:58:10'),
(174, 1, 7, 1400000, 'Moved to Stock', '2025-01-01', '2025-07-30 01:58:10', '2025-07-30 01:58:10'),
(175, 2, 9, 1400000, 'Received from Bank', '2025-01-01', '2025-07-30 01:58:10', '2025-07-30 01:58:10'),
(176, 1, 7, 4900000, 'Moved to Reksadana', '2025-01-01', '2025-07-30 01:58:10', '2025-07-30 01:58:10'),
(177, 2, 10, 4900000, 'Received from Bank', '2025-01-01', '2025-07-30 01:58:10', '2025-07-30 01:58:10'),
(178, 5, 8, 15000, '', '2025-01-15', '2025-07-30 01:58:10', '2025-07-30 01:58:10'),
(179, 8, 6, 30000, '', '2025-01-01', '2025-07-30 01:58:10', '2025-07-30 01:58:10'),
(180, 14, 8, 50000, '', '2025-01-05', '2025-07-30 01:58:10', '2025-07-30 01:58:10'),
(181, 11, 8, 30000, '', '2025-01-14', '2025-07-30 01:58:10', '2025-07-30 01:58:10'),
(182, 13, 6, 65000, '', '2025-01-20', '2025-07-30 01:58:10', '2025-07-30 01:58:10'),
(183, 3, 6, 85000, '', '2025-01-14', '2025-07-30 01:58:10', '2025-07-30 01:58:10'),
(184, 3, 8, 70000, '', '2025-01-26', '2025-07-30 01:58:10', '2025-07-30 01:58:10'),
(185, 8, 8, 60000, '', '2025-01-15', '2025-07-30 01:58:10', '2025-07-30 01:58:10'),
(186, 6, 8, 55000, '', '2025-01-16', '2025-07-30 01:58:10', '2025-07-30 01:58:10'),
(187, 7, 8, 80000, '', '2025-01-06', '2025-07-30 01:58:10', '2025-07-30 01:58:10'),
(188, 14, 8, 65000, '', '2025-01-06', '2025-07-30 01:58:10', '2025-07-30 01:58:10'),
(189, 9, 6, 95000, '', '2025-01-18', '2025-07-30 01:58:10', '2025-07-30 01:58:10'),
(190, 10, 6, 5000, '', '2025-01-19', '2025-07-30 01:58:10', '2025-07-30 01:58:10'),
(191, 8, 6, 50000, '', '2025-01-28', '2025-07-30 01:58:10', '2025-07-30 01:58:10'),
(192, 7, 8, 95000, '', '2025-01-11', '2025-07-30 01:58:10', '2025-07-30 01:58:10'),
(193, 15, 7, 14000000, '2th month salary', '2025-02-01', '2025-07-30 01:58:10', '2025-07-30 01:58:10'),
(194, 1, 7, 2100000, 'Moved to Cash', '2025-02-01', '2025-07-30 01:58:10', '2025-07-30 01:58:10'),
(195, 2, 6, 2100000, 'Received from Bank', '2025-02-01', '2025-07-30 01:58:10', '2025-07-30 01:58:10'),
(196, 1, 7, 2100000, 'Moved to E-Wallet', '2025-02-01', '2025-07-30 01:58:10', '2025-07-30 01:58:10'),
(197, 2, 8, 2100000, 'Received from Bank', '2025-02-01', '2025-07-30 01:58:10', '2025-07-30 01:58:10'),
(198, 1, 7, 1400000, 'Moved to Stock', '2025-02-01', '2025-07-30 01:58:10', '2025-07-30 01:58:10'),
(199, 2, 9, 1400000, 'Received from Bank', '2025-02-01', '2025-07-30 01:58:10', '2025-07-30 01:58:10'),
(200, 1, 7, 4900000, 'Moved to Reksadana', '2025-02-01', '2025-07-30 01:58:10', '2025-07-30 01:58:10'),
(201, 2, 10, 4900000, 'Received from Bank', '2025-02-01', '2025-07-30 01:58:10', '2025-07-30 01:58:10'),
(202, 4, 8, 10000, '', '2025-02-17', '2025-07-30 01:58:10', '2025-07-30 01:58:10'),
(203, 4, 6, 70000, '', '2025-02-14', '2025-07-30 01:58:10', '2025-07-30 01:58:10'),
(204, 10, 6, 35000, '', '2025-02-22', '2025-07-30 01:58:10', '2025-07-30 01:58:10'),
(205, 12, 6, 35000, '', '2025-02-21', '2025-07-30 01:58:10', '2025-07-30 01:58:10'),
(206, 5, 8, 85000, '', '2025-02-06', '2025-07-30 01:58:10', '2025-07-30 01:58:10'),
(207, 13, 6, 15000, '', '2025-02-07', '2025-07-30 01:58:10', '2025-07-30 01:58:10'),
(208, 7, 6, 85000, '', '2025-02-14', '2025-07-30 01:58:10', '2025-07-30 01:58:10'),
(209, 6, 8, 25000, '', '2025-02-08', '2025-07-30 01:58:10', '2025-07-30 01:58:10'),
(210, 10, 8, 20000, '', '2025-02-24', '2025-07-30 01:58:10', '2025-07-30 01:58:10'),
(211, 11, 6, 40000, '', '2025-03-02', '2025-07-30 01:58:10', '2025-07-30 01:58:10'),
(212, 4, 8, 60000, '', '2025-02-20', '2025-07-30 01:58:10', '2025-07-30 01:58:10'),
(213, 10, 6, 85000, '', '2025-02-18', '2025-07-30 01:58:10', '2025-07-30 01:58:10'),
(214, 3, 8, 20000, '', '2025-02-27', '2025-07-30 01:58:10', '2025-07-30 01:58:10'),
(215, 14, 8, 5000, '', '2025-02-20', '2025-07-30 01:58:10', '2025-07-30 01:58:10'),
(216, 9, 8, 95000, '', '2025-02-16', '2025-07-30 01:58:10', '2025-07-30 01:58:10'),
(217, 15, 7, 14000000, '3th month salary', '2025-03-01', '2025-07-30 01:58:10', '2025-07-30 01:58:10'),
(218, 1, 7, 2100000, 'Moved to Cash', '2025-03-01', '2025-07-30 01:58:10', '2025-07-30 01:58:10'),
(219, 2, 6, 2100000, 'Received from Bank', '2025-03-01', '2025-07-30 01:58:10', '2025-07-30 01:58:10'),
(220, 1, 7, 2100000, 'Moved to E-Wallet', '2025-03-01', '2025-07-30 01:58:10', '2025-07-30 01:58:10'),
(221, 2, 8, 2100000, 'Received from Bank', '2025-03-01', '2025-07-30 01:58:10', '2025-07-30 01:58:10'),
(222, 1, 7, 1400000, 'Moved to Stock', '2025-03-01', '2025-07-30 01:58:10', '2025-07-30 01:58:10'),
(223, 2, 9, 1400000, 'Received from Bank', '2025-03-01', '2025-07-30 01:58:10', '2025-07-30 01:58:10'),
(224, 1, 7, 4900000, 'Moved to Reksadana', '2025-03-01', '2025-07-30 01:58:10', '2025-07-30 01:58:10'),
(225, 2, 10, 4900000, 'Received from Bank', '2025-03-01', '2025-07-30 01:58:10', '2025-07-30 01:58:10'),
(226, 12, 6, 15000, '', '2025-03-05', '2025-07-30 01:58:10', '2025-07-30 01:58:10'),
(227, 4, 8, 75000, '', '2025-03-20', '2025-07-30 01:58:10', '2025-07-30 01:58:10'),
(228, 10, 6, 35000, '', '2025-03-26', '2025-07-30 01:58:10', '2025-07-30 01:58:10'),
(229, 9, 8, 20000, '', '2025-03-21', '2025-07-30 01:58:10', '2025-07-30 01:58:10'),
(230, 4, 8, 65000, '', '2025-03-29', '2025-07-30 01:58:10', '2025-07-30 01:58:10'),
(231, 5, 8, 75000, '', '2025-03-23', '2025-07-30 01:58:10', '2025-07-30 01:58:10'),
(232, 3, 8, 20000, '', '2025-03-24', '2025-07-30 01:58:10', '2025-07-30 01:58:10'),
(233, 10, 8, 60000, '', '2025-03-24', '2025-07-30 01:58:10', '2025-07-30 01:58:10'),
(234, 11, 6, 60000, '', '2025-03-22', '2025-07-30 01:58:10', '2025-07-30 01:58:10'),
(235, 5, 6, 95000, '', '2025-03-21', '2025-07-30 01:58:10', '2025-07-30 01:58:10'),
(236, 8, 6, 50000, '', '2025-03-08', '2025-07-30 01:58:10', '2025-07-30 01:58:10'),
(237, 3, 8, 55000, '', '2025-03-25', '2025-07-30 01:58:10', '2025-07-30 01:58:10'),
(238, 8, 6, 55000, '', '2025-03-07', '2025-07-30 01:58:10', '2025-07-30 01:58:10'),
(239, 14, 6, 60000, '', '2025-03-21', '2025-07-30 01:58:10', '2025-07-30 01:58:10'),
(240, 5, 6, 35000, '', '2025-03-07', '2025-07-30 01:58:10', '2025-07-30 01:58:10'),
(241, 15, 7, 14000000, '4th month salary', '2025-04-01', '2025-07-30 01:58:10', '2025-07-30 01:58:10'),
(242, 1, 7, 2100000, 'Moved to Cash', '2025-04-01', '2025-07-30 01:58:10', '2025-07-30 01:58:10'),
(243, 2, 6, 2100000, 'Received from Bank', '2025-04-01', '2025-07-30 01:58:10', '2025-07-30 01:58:10'),
(244, 1, 7, 2100000, 'Moved to E-Wallet', '2025-04-01', '2025-07-30 01:58:10', '2025-07-30 01:58:10'),
(245, 2, 8, 2100000, 'Received from Bank', '2025-04-01', '2025-07-30 01:58:10', '2025-07-30 01:58:10'),
(246, 1, 7, 1400000, 'Moved to Stock', '2025-04-01', '2025-07-30 01:58:10', '2025-07-30 01:58:10'),
(247, 2, 9, 1400000, 'Received from Bank', '2025-04-01', '2025-07-30 01:58:10', '2025-07-30 01:58:10'),
(248, 1, 7, 4900000, 'Moved to Reksadana', '2025-04-01', '2025-07-30 01:58:10', '2025-07-30 01:58:10'),
(249, 2, 10, 4900000, 'Received from Bank', '2025-04-01', '2025-07-30 01:58:10', '2025-07-30 01:58:10'),
(250, 12, 6, 70000, '', '2025-04-08', '2025-07-30 01:58:10', '2025-07-30 01:58:10'),
(251, 5, 6, 100000, '', '2025-04-20', '2025-07-30 01:58:10', '2025-07-30 01:58:10'),
(252, 7, 6, 80000, '', '2025-04-29', '2025-07-30 01:58:10', '2025-07-30 01:58:10'),
(253, 6, 8, 25000, '', '2025-04-08', '2025-07-30 01:58:10', '2025-07-30 01:58:10'),
(254, 8, 6, 55000, '', '2025-04-10', '2025-07-30 01:58:10', '2025-07-30 01:58:10'),
(255, 14, 8, 30000, '', '2025-04-29', '2025-07-30 01:58:10', '2025-07-30 01:58:10'),
(256, 14, 6, 75000, '', '2025-04-21', '2025-07-30 01:58:10', '2025-07-30 01:58:10'),
(257, 13, 6, 70000, '', '2025-04-10', '2025-07-30 01:58:10', '2025-07-30 01:58:10'),
(258, 3, 6, 70000, '', '2025-04-04', '2025-07-30 01:58:10', '2025-07-30 01:58:10'),
(259, 8, 6, 25000, '', '2025-04-30', '2025-07-30 01:58:10', '2025-07-30 01:58:10'),
(260, 3, 8, 70000, '', '2025-04-03', '2025-07-30 01:58:10', '2025-07-30 01:58:10'),
(261, 4, 6, 40000, '', '2025-04-25', '2025-07-30 01:58:10', '2025-07-30 01:58:10'),
(262, 8, 6, 60000, '', '2025-04-18', '2025-07-30 01:58:10', '2025-07-30 01:58:10'),
(263, 9, 6, 55000, '', '2025-04-30', '2025-07-30 01:58:10', '2025-07-30 01:58:10'),
(264, 12, 6, 25000, '', '2025-04-17', '2025-07-30 01:58:10', '2025-07-30 01:58:10'),
(265, 15, 7, 14000000, '5th month salary', '2025-05-01', '2025-07-30 01:58:10', '2025-07-30 01:58:10'),
(266, 1, 7, 2100000, 'Moved to Cash', '2025-05-01', '2025-07-30 01:58:10', '2025-07-30 01:58:10'),
(267, 2, 6, 2100000, 'Received from Bank', '2025-05-01', '2025-07-30 01:58:10', '2025-07-30 01:58:10'),
(268, 1, 7, 2100000, 'Moved to E-Wallet', '2025-05-01', '2025-07-30 01:58:10', '2025-07-30 01:58:10'),
(269, 2, 8, 2100000, 'Received from Bank', '2025-05-01', '2025-07-30 01:58:10', '2025-07-30 01:58:10'),
(270, 1, 7, 1400000, 'Moved to Stock', '2025-05-01', '2025-07-30 01:58:10', '2025-07-30 01:58:10'),
(271, 2, 9, 1400000, 'Received from Bank', '2025-05-01', '2025-07-30 01:58:10', '2025-07-30 01:58:10'),
(272, 1, 7, 4900000, 'Moved to Reksadana', '2025-05-01', '2025-07-30 01:58:10', '2025-07-30 01:58:10'),
(273, 2, 10, 4900000, 'Received from Bank', '2025-05-01', '2025-07-30 01:58:10', '2025-07-30 01:58:10'),
(274, 13, 8, 85000, '', '2025-05-23', '2025-07-30 01:58:10', '2025-07-30 01:58:10'),
(275, 13, 8, 5000, '', '2025-05-02', '2025-07-30 01:58:10', '2025-07-30 01:58:10'),
(276, 8, 8, 90000, '', '2025-05-25', '2025-07-30 01:58:10', '2025-07-30 01:58:10'),
(277, 13, 6, 45000, '', '2025-05-04', '2025-07-30 01:58:10', '2025-07-30 01:58:10'),
(278, 11, 6, 100000, '', '2025-05-03', '2025-07-30 01:58:10', '2025-07-30 01:58:10'),
(279, 8, 6, 30000, '', '2025-05-15', '2025-07-30 01:58:10', '2025-07-30 01:58:10'),
(280, 14, 6, 45000, '', '2025-05-14', '2025-07-30 01:58:10', '2025-07-30 01:58:10'),
(281, 3, 8, 5000, '', '2025-05-19', '2025-07-30 01:58:10', '2025-07-30 01:58:10'),
(282, 8, 8, 60000, '', '2025-05-20', '2025-07-30 01:58:10', '2025-07-30 01:58:10'),
(283, 3, 8, 20000, '', '2025-05-14', '2025-07-30 01:58:10', '2025-07-30 01:58:10'),
(284, 14, 8, 20000, '', '2025-05-18', '2025-07-30 01:58:10', '2025-07-30 01:58:10'),
(285, 8, 6, 100000, '', '2025-05-19', '2025-07-30 01:58:10', '2025-07-30 01:58:10'),
(286, 6, 8, 55000, '', '2025-05-12', '2025-07-30 01:58:10', '2025-07-30 01:58:10'),
(287, 13, 8, 10000, '', '2025-05-06', '2025-07-30 01:58:10', '2025-07-30 01:58:10'),
(288, 12, 8, 75000, '', '2025-05-14', '2025-07-30 01:58:10', '2025-07-30 01:58:10'),
(289, 15, 7, 14000000, '6th month salary', '2025-06-01', '2025-07-30 01:58:10', '2025-07-30 01:58:10'),
(290, 1, 7, 2100000, 'Moved to Cash', '2025-06-01', '2025-07-30 01:58:10', '2025-07-30 01:58:10'),
(291, 2, 6, 2100000, 'Received from Bank', '2025-06-01', '2025-07-30 01:58:10', '2025-07-30 01:58:10'),
(292, 1, 7, 2100000, 'Moved to E-Wallet', '2025-06-01', '2025-07-30 01:58:10', '2025-07-30 01:58:10'),
(293, 2, 8, 2100000, 'Received from Bank', '2025-06-01', '2025-07-30 01:58:11', '2025-07-30 01:58:11'),
(294, 1, 7, 1400000, 'Moved to Stock', '2025-06-01', '2025-07-30 01:58:11', '2025-07-30 01:58:11'),
(295, 2, 9, 1400000, 'Received from Bank', '2025-06-01', '2025-07-30 01:58:11', '2025-07-30 01:58:11'),
(296, 1, 7, 4900000, 'Moved to Reksadana', '2025-06-01', '2025-07-30 01:58:11', '2025-07-30 01:58:11'),
(297, 2, 10, 4900000, 'Received from Bank', '2025-06-01', '2025-07-30 01:58:11', '2025-07-30 01:58:11'),
(298, 3, 8, 40000, '', '2025-06-17', '2025-07-30 01:58:11', '2025-07-30 01:58:11'),
(299, 4, 8, 55000, '', '2025-06-08', '2025-07-30 01:58:11', '2025-07-30 01:58:11'),
(300, 12, 6, 25000, '', '2025-06-30', '2025-07-30 01:58:11', '2025-07-30 01:58:11'),
(301, 8, 8, 20000, '', '2025-06-09', '2025-07-30 01:58:11', '2025-07-30 01:58:11'),
(302, 7, 6, 80000, '', '2025-06-19', '2025-07-30 01:58:11', '2025-07-30 01:58:11'),
(303, 4, 6, 40000, '', '2025-06-11', '2025-07-30 01:58:11', '2025-07-30 01:58:11'),
(304, 7, 8, 80000, '', '2025-06-19', '2025-07-30 01:58:11', '2025-07-30 01:58:11'),
(305, 11, 8, 10000, '', '2025-06-23', '2025-07-30 01:58:11', '2025-07-30 01:58:11'),
(306, 14, 6, 5000, '', '2025-06-02', '2025-07-30 01:58:11', '2025-07-30 01:58:11'),
(307, 11, 8, 85000, '', '2025-06-28', '2025-07-30 01:58:11', '2025-07-30 01:58:11'),
(308, 5, 8, 95000, '', '2025-06-18', '2025-07-30 01:58:11', '2025-07-30 01:58:11'),
(309, 7, 8, 30000, '', '2025-06-15', '2025-07-30 01:58:11', '2025-07-30 01:58:11'),
(310, 3, 6, 65000, '', '2025-06-29', '2025-07-30 01:58:11', '2025-07-30 01:58:11'),
(311, 6, 6, 45000, '', '2025-06-17', '2025-07-30 01:58:11', '2025-07-30 01:58:11'),
(312, 14, 8, 85000, '', '2025-06-20', '2025-07-30 01:58:11', '2025-07-30 01:58:11'),
(313, 15, 7, 14000000, '7th month salary', '2025-07-01', '2025-07-30 01:58:11', '2025-07-30 01:58:11'),
(314, 1, 7, 2100000, 'Moved to Cash', '2025-07-01', '2025-07-30 01:58:11', '2025-07-30 01:58:11'),
(315, 2, 6, 2100000, 'Received from Bank', '2025-07-01', '2025-07-30 01:58:11', '2025-07-30 01:58:11'),
(316, 1, 7, 2100000, 'Moved to E-Wallet', '2025-07-01', '2025-07-30 01:58:11', '2025-07-30 01:58:11'),
(317, 2, 8, 2100000, 'Received from Bank', '2025-07-01', '2025-07-30 01:58:11', '2025-07-30 01:58:11'),
(318, 1, 7, 1400000, 'Moved to Stock', '2025-07-01', '2025-07-30 01:58:11', '2025-07-30 01:58:11'),
(319, 2, 9, 1400000, 'Received from Bank', '2025-07-01', '2025-07-30 01:58:11', '2025-07-30 01:58:11'),
(320, 1, 7, 4900000, 'Moved to Reksadana', '2025-07-01', '2025-07-30 01:58:11', '2025-07-30 01:58:11'),
(321, 2, 10, 4900000, 'Received from Bank', '2025-07-01', '2025-07-30 01:58:11', '2025-07-30 01:58:11'),
(322, 5, 8, 75000, '', '2025-07-27', '2025-07-30 01:58:11', '2025-07-30 01:58:11'),
(323, 11, 8, 60000, '', '2025-07-11', '2025-07-30 01:58:11', '2025-07-30 01:58:11'),
(324, 5, 8, 90000, '', '2025-07-27', '2025-07-30 01:58:11', '2025-07-30 01:58:11'),
(325, 14, 6, 15000, '', '2025-07-25', '2025-07-30 01:58:11', '2025-07-30 01:58:11'),
(326, 13, 6, 25000, '', '2025-07-23', '2025-07-30 01:58:11', '2025-07-30 01:58:11'),
(327, 14, 6, 60000, '', '2025-07-14', '2025-07-30 01:58:11', '2025-07-30 01:58:11'),
(328, 14, 8, 85000, '', '2025-07-16', '2025-07-30 01:58:11', '2025-07-30 01:58:11'),
(329, 6, 8, 10000, '', '2025-07-09', '2025-07-30 01:58:11', '2025-07-30 01:58:11'),
(330, 10, 8, 60000, '', '2025-07-02', '2025-07-30 01:58:11', '2025-07-30 01:58:11'),
(331, 14, 6, 5000, '', '2025-07-11', '2025-07-30 01:58:11', '2025-07-30 01:58:11'),
(332, 3, 8, 15000, '', '2025-07-04', '2025-07-30 01:58:11', '2025-07-30 01:58:11'),
(333, 6, 8, 35000, '', '2025-07-05', '2025-07-30 01:58:11', '2025-07-30 01:58:11'),
(334, 11, 6, 25000, '', '2025-07-11', '2025-07-30 01:58:11', '2025-07-30 01:58:11'),
(335, 6, 8, 10000, '', '2025-07-08', '2025-07-30 01:58:11', '2025-07-30 01:58:11'),
(336, 11, 6, 15000, '', '2025-07-30', '2025-07-30 01:58:11', '2025-07-30 01:58:11'),
(337, 15, 12, 21000000, '1th month salary', '2025-01-01', '2025-07-30 01:58:11', '2025-07-30 01:58:11'),
(338, 1, 12, 3150000, 'Moved to Cash', '2025-01-01', '2025-07-30 01:58:11', '2025-07-30 01:58:11'),
(339, 2, 11, 3150000, 'Received from Bank', '2025-01-01', '2025-07-30 01:58:11', '2025-07-30 01:58:11'),
(340, 1, 12, 3150000, 'Moved to E-Wallet', '2025-01-01', '2025-07-30 01:58:11', '2025-07-30 01:58:11'),
(341, 2, 13, 3150000, 'Received from Bank', '2025-01-01', '2025-07-30 01:58:11', '2025-07-30 01:58:11'),
(342, 1, 12, 2100000, 'Moved to Stock', '2025-01-01', '2025-07-30 01:58:11', '2025-07-30 01:58:11'),
(343, 2, 14, 2100000, 'Received from Bank', '2025-01-01', '2025-07-30 01:58:11', '2025-07-30 01:58:11'),
(344, 1, 12, 7350000, 'Moved to Reksadana', '2025-01-01', '2025-07-30 01:58:11', '2025-07-30 01:58:11'),
(345, 2, 15, 7350000, 'Received from Bank', '2025-01-01', '2025-07-30 01:58:11', '2025-07-30 01:58:11'),
(346, 14, 13, 25000, '', '2025-01-02', '2025-07-30 01:58:11', '2025-07-30 01:58:11'),
(347, 9, 13, 75000, '', '2025-01-18', '2025-07-30 01:58:11', '2025-07-30 01:58:11'),
(348, 13, 13, 45000, '', '2025-01-17', '2025-07-30 01:58:11', '2025-07-30 01:58:11'),
(349, 11, 11, 5000, '', '2025-01-01', '2025-07-30 01:58:11', '2025-07-30 01:58:11'),
(350, 8, 13, 70000, '', '2025-01-04', '2025-07-30 01:58:11', '2025-07-30 01:58:11'),
(351, 4, 11, 80000, '', '2025-01-23', '2025-07-30 01:58:11', '2025-07-30 01:58:11'),
(352, 6, 13, 70000, '', '2025-01-18', '2025-07-30 01:58:11', '2025-07-30 01:58:11'),
(353, 7, 13, 100000, '', '2025-01-20', '2025-07-30 01:58:11', '2025-07-30 01:58:11'),
(354, 12, 11, 80000, '', '2025-01-02', '2025-07-30 01:58:11', '2025-07-30 01:58:11'),
(355, 7, 11, 25000, '', '2025-01-01', '2025-07-30 01:58:11', '2025-07-30 01:58:11'),
(356, 8, 13, 100000, '', '2025-01-18', '2025-07-30 01:58:11', '2025-07-30 01:58:11'),
(357, 13, 13, 65000, '', '2025-01-19', '2025-07-30 01:58:11', '2025-07-30 01:58:11'),
(358, 6, 13, 80000, '', '2025-01-12', '2025-07-30 01:58:11', '2025-07-30 01:58:11'),
(359, 10, 13, 95000, '', '2025-01-13', '2025-07-30 01:58:11', '2025-07-30 01:58:11'),
(360, 9, 13, 40000, '', '2025-01-30', '2025-07-30 01:58:11', '2025-07-30 01:58:11'),
(361, 15, 12, 21000000, '2th month salary', '2025-02-01', '2025-07-30 01:58:11', '2025-07-30 01:58:11'),
(362, 1, 12, 3150000, 'Moved to Cash', '2025-02-01', '2025-07-30 01:58:11', '2025-07-30 01:58:11'),
(363, 2, 11, 3150000, 'Received from Bank', '2025-02-01', '2025-07-30 01:58:11', '2025-07-30 01:58:11'),
(364, 1, 12, 3150000, 'Moved to E-Wallet', '2025-02-01', '2025-07-30 01:58:11', '2025-07-30 01:58:11'),
(365, 2, 13, 3150000, 'Received from Bank', '2025-02-01', '2025-07-30 01:58:11', '2025-07-30 01:58:11'),
(366, 1, 12, 2100000, 'Moved to Stock', '2025-02-01', '2025-07-30 01:58:11', '2025-07-30 01:58:11'),
(367, 2, 14, 2100000, 'Received from Bank', '2025-02-01', '2025-07-30 01:58:11', '2025-07-30 01:58:11'),
(368, 1, 12, 7350000, 'Moved to Reksadana', '2025-02-01', '2025-07-30 01:58:11', '2025-07-30 01:58:11'),
(369, 2, 15, 7350000, 'Received from Bank', '2025-02-01', '2025-07-30 01:58:11', '2025-07-30 01:58:11'),
(370, 6, 11, 45000, '', '2025-02-27', '2025-07-30 01:58:11', '2025-07-30 01:58:11'),
(371, 9, 13, 80000, '', '2025-02-04', '2025-07-30 01:58:11', '2025-07-30 01:58:11'),
(372, 8, 11, 35000, '', '2025-02-17', '2025-07-30 01:58:11', '2025-07-30 01:58:11'),
(373, 9, 11, 30000, '', '2025-02-22', '2025-07-30 01:58:11', '2025-07-30 01:58:11'),
(374, 7, 11, 65000, '', '2025-02-22', '2025-07-30 01:58:11', '2025-07-30 01:58:11'),
(375, 6, 13, 60000, '', '2025-02-18', '2025-07-30 01:58:11', '2025-07-30 01:58:11'),
(376, 8, 13, 80000, '', '2025-02-17', '2025-07-30 01:58:11', '2025-07-30 01:58:11'),
(377, 9, 11, 40000, '', '2025-03-01', '2025-07-30 01:58:11', '2025-07-30 01:58:11'),
(378, 6, 11, 65000, '', '2025-02-10', '2025-07-30 01:58:11', '2025-07-30 01:58:11'),
(379, 13, 11, 100000, '', '2025-02-18', '2025-07-30 01:58:11', '2025-07-30 01:58:11'),
(380, 8, 11, 70000, '', '2025-02-19', '2025-07-30 01:58:11', '2025-07-30 01:58:11'),
(381, 6, 11, 25000, '', '2025-02-27', '2025-07-30 01:58:11', '2025-07-30 01:58:11'),
(382, 13, 13, 15000, '', '2025-02-12', '2025-07-30 01:58:11', '2025-07-30 01:58:11'),
(383, 7, 13, 25000, '', '2025-02-08', '2025-07-30 01:58:11', '2025-07-30 01:58:11'),
(384, 9, 11, 55000, '', '2025-02-22', '2025-07-30 01:58:11', '2025-07-30 01:58:11'),
(385, 15, 12, 21000000, '3th month salary', '2025-03-01', '2025-07-30 01:58:11', '2025-07-30 01:58:11'),
(386, 1, 12, 3150000, 'Moved to Cash', '2025-03-01', '2025-07-30 01:58:11', '2025-07-30 01:58:11'),
(387, 2, 11, 3150000, 'Received from Bank', '2025-03-01', '2025-07-30 01:58:11', '2025-07-30 01:58:11'),
(388, 1, 12, 3150000, 'Moved to E-Wallet', '2025-03-01', '2025-07-30 01:58:11', '2025-07-30 01:58:11'),
(389, 2, 13, 3150000, 'Received from Bank', '2025-03-01', '2025-07-30 01:58:11', '2025-07-30 01:58:11'),
(390, 1, 12, 2100000, 'Moved to Stock', '2025-03-01', '2025-07-30 01:58:11', '2025-07-30 01:58:11'),
(391, 2, 14, 2100000, 'Received from Bank', '2025-03-01', '2025-07-30 01:58:11', '2025-07-30 01:58:11'),
(392, 1, 12, 7350000, 'Moved to Reksadana', '2025-03-01', '2025-07-30 01:58:11', '2025-07-30 01:58:11'),
(393, 2, 15, 7350000, 'Received from Bank', '2025-03-01', '2025-07-30 01:58:11', '2025-07-30 01:58:11'),
(394, 14, 13, 85000, '', '2025-03-17', '2025-07-30 01:58:11', '2025-07-30 01:58:11'),
(395, 8, 13, 55000, '', '2025-03-25', '2025-07-30 01:58:11', '2025-07-30 01:58:11'),
(396, 12, 13, 45000, '', '2025-03-20', '2025-07-30 01:58:11', '2025-07-30 01:58:11'),
(397, 3, 13, 50000, '', '2025-03-17', '2025-07-30 01:58:11', '2025-07-30 01:58:11'),
(398, 14, 13, 45000, '', '2025-03-12', '2025-07-30 01:58:11', '2025-07-30 01:58:11'),
(399, 3, 13, 25000, '', '2025-03-04', '2025-07-30 01:58:11', '2025-07-30 01:58:11'),
(400, 8, 13, 5000, '', '2025-03-07', '2025-07-30 01:58:11', '2025-07-30 01:58:11'),
(401, 5, 13, 85000, '', '2025-03-25', '2025-07-30 01:58:11', '2025-07-30 01:58:11'),
(402, 7, 13, 20000, '', '2025-03-05', '2025-07-30 01:58:11', '2025-07-30 01:58:11'),
(403, 9, 13, 40000, '', '2025-03-23', '2025-07-30 01:58:11', '2025-07-30 01:58:11'),
(404, 11, 13, 90000, '', '2025-03-23', '2025-07-30 01:58:11', '2025-07-30 01:58:11'),
(405, 6, 13, 50000, '', '2025-03-06', '2025-07-30 01:58:11', '2025-07-30 01:58:11'),
(406, 14, 13, 90000, '', '2025-03-28', '2025-07-30 01:58:11', '2025-07-30 01:58:11'),
(407, 9, 13, 55000, '', '2025-03-30', '2025-07-30 01:58:11', '2025-07-30 01:58:11'),
(408, 9, 11, 100000, '', '2025-03-25', '2025-07-30 01:58:11', '2025-07-30 01:58:11'),
(409, 15, 12, 21000000, '4th month salary', '2025-04-01', '2025-07-30 01:58:11', '2025-07-30 01:58:11'),
(410, 1, 12, 3150000, 'Moved to Cash', '2025-04-01', '2025-07-30 01:58:11', '2025-07-30 01:58:11'),
(411, 2, 11, 3150000, 'Received from Bank', '2025-04-01', '2025-07-30 01:58:11', '2025-07-30 01:58:11'),
(412, 1, 12, 3150000, 'Moved to E-Wallet', '2025-04-01', '2025-07-30 01:58:11', '2025-07-30 01:58:11'),
(413, 2, 13, 3150000, 'Received from Bank', '2025-04-01', '2025-07-30 01:58:11', '2025-07-30 01:58:11'),
(414, 1, 12, 2100000, 'Moved to Stock', '2025-04-01', '2025-07-30 01:58:11', '2025-07-30 01:58:11'),
(415, 2, 14, 2100000, 'Received from Bank', '2025-04-01', '2025-07-30 01:58:11', '2025-07-30 01:58:11'),
(416, 1, 12, 7350000, 'Moved to Reksadana', '2025-04-01', '2025-07-30 01:58:11', '2025-07-30 01:58:11'),
(417, 2, 15, 7350000, 'Received from Bank', '2025-04-01', '2025-07-30 01:58:11', '2025-07-30 01:58:11'),
(418, 5, 11, 80000, '', '2025-04-03', '2025-07-30 01:58:11', '2025-07-30 01:58:11'),
(419, 13, 11, 40000, '', '2025-04-15', '2025-07-30 01:58:11', '2025-07-30 01:58:11'),
(420, 12, 11, 40000, '', '2025-04-09', '2025-07-30 01:58:11', '2025-07-30 01:58:11'),
(421, 6, 11, 75000, '', '2025-04-10', '2025-07-30 01:58:11', '2025-07-30 01:58:11'),
(422, 6, 13, 75000, '', '2025-04-22', '2025-07-30 01:58:12', '2025-07-30 01:58:12'),
(423, 8, 13, 90000, '', '2025-04-18', '2025-07-30 01:58:12', '2025-07-30 01:58:12'),
(424, 14, 11, 35000, '', '2025-04-15', '2025-07-30 01:58:12', '2025-07-30 01:58:12'),
(425, 11, 11, 40000, '', '2025-04-19', '2025-07-30 01:58:12', '2025-07-30 01:58:12'),
(426, 5, 11, 85000, '', '2025-04-06', '2025-07-30 01:58:12', '2025-07-30 01:58:12'),
(427, 14, 13, 35000, '', '2025-04-12', '2025-07-30 01:58:12', '2025-07-30 01:58:12'),
(428, 9, 13, 25000, '', '2025-04-30', '2025-07-30 01:58:12', '2025-07-30 01:58:12'),
(429, 9, 13, 90000, '', '2025-04-08', '2025-07-30 01:58:12', '2025-07-30 01:58:12'),
(430, 11, 13, 100000, '', '2025-04-02', '2025-07-30 01:58:12', '2025-07-30 01:58:12'),
(431, 10, 11, 15000, '', '2025-04-04', '2025-07-30 01:58:12', '2025-07-30 01:58:12'),
(432, 8, 11, 25000, '', '2025-04-22', '2025-07-30 01:58:12', '2025-07-30 01:58:12'),
(433, 15, 12, 21000000, '5th month salary', '2025-05-01', '2025-07-30 01:58:12', '2025-07-30 01:58:12'),
(434, 1, 12, 3150000, 'Moved to Cash', '2025-05-01', '2025-07-30 01:58:12', '2025-07-30 01:58:12'),
(435, 2, 11, 3150000, 'Received from Bank', '2025-05-01', '2025-07-30 01:58:12', '2025-07-30 01:58:12'),
(436, 1, 12, 3150000, 'Moved to E-Wallet', '2025-05-01', '2025-07-30 01:58:12', '2025-07-30 01:58:12'),
(437, 2, 13, 3150000, 'Received from Bank', '2025-05-01', '2025-07-30 01:58:12', '2025-07-30 01:58:12'),
(438, 1, 12, 2100000, 'Moved to Stock', '2025-05-01', '2025-07-30 01:58:12', '2025-07-30 01:58:12'),
(439, 2, 14, 2100000, 'Received from Bank', '2025-05-01', '2025-07-30 01:58:12', '2025-07-30 01:58:12'),
(440, 1, 12, 7350000, 'Moved to Reksadana', '2025-05-01', '2025-07-30 01:58:12', '2025-07-30 01:58:12'),
(441, 2, 15, 7350000, 'Received from Bank', '2025-05-01', '2025-07-30 01:58:12', '2025-07-30 01:58:12'),
(442, 6, 11, 30000, '', '2025-05-15', '2025-07-30 01:58:12', '2025-07-30 01:58:12'),
(443, 5, 11, 95000, '', '2025-05-04', '2025-07-30 01:58:12', '2025-07-30 01:58:12'),
(444, 13, 11, 20000, '', '2025-05-18', '2025-07-30 01:58:12', '2025-07-30 01:58:12'),
(445, 14, 13, 30000, '', '2025-05-26', '2025-07-30 01:58:12', '2025-07-30 01:58:12'),
(446, 13, 11, 95000, '', '2025-05-30', '2025-07-30 01:58:12', '2025-07-30 01:58:12'),
(447, 11, 13, 100000, '', '2025-05-19', '2025-07-30 01:58:12', '2025-07-30 01:58:12'),
(448, 7, 13, 45000, '', '2025-05-16', '2025-07-30 01:58:12', '2025-07-30 01:58:12'),
(449, 13, 13, 5000, '', '2025-05-27', '2025-07-30 01:58:12', '2025-07-30 01:58:12'),
(450, 12, 11, 10000, '', '2025-05-16', '2025-07-30 01:58:12', '2025-07-30 01:58:12'),
(451, 7, 13, 80000, '', '2025-05-13', '2025-07-30 01:58:12', '2025-07-30 01:58:12'),
(452, 8, 11, 80000, '', '2025-05-26', '2025-07-30 01:58:12', '2025-07-30 01:58:12'),
(453, 6, 13, 35000, '', '2025-05-03', '2025-07-30 01:58:12', '2025-07-30 01:58:12'),
(454, 13, 13, 35000, '', '2025-05-23', '2025-07-30 01:58:12', '2025-07-30 01:58:12'),
(455, 8, 11, 95000, '', '2025-05-18', '2025-07-30 01:58:12', '2025-07-30 01:58:12'),
(456, 5, 13, 25000, '', '2025-05-13', '2025-07-30 01:58:12', '2025-07-30 01:58:12'),
(457, 15, 12, 21000000, '6th month salary', '2025-06-01', '2025-07-30 01:58:12', '2025-07-30 01:58:12'),
(458, 1, 12, 3150000, 'Moved to Cash', '2025-06-01', '2025-07-30 01:58:12', '2025-07-30 01:58:12'),
(459, 2, 11, 3150000, 'Received from Bank', '2025-06-01', '2025-07-30 01:58:12', '2025-07-30 01:58:12'),
(460, 1, 12, 3150000, 'Moved to E-Wallet', '2025-06-01', '2025-07-30 01:58:12', '2025-07-30 01:58:12'),
(461, 2, 13, 3150000, 'Received from Bank', '2025-06-01', '2025-07-30 01:58:12', '2025-07-30 01:58:12'),
(462, 1, 12, 2100000, 'Moved to Stock', '2025-06-01', '2025-07-30 01:58:12', '2025-07-30 01:58:12'),
(463, 2, 14, 2100000, 'Received from Bank', '2025-06-01', '2025-07-30 01:58:12', '2025-07-30 01:58:12'),
(464, 1, 12, 7350000, 'Moved to Reksadana', '2025-06-01', '2025-07-30 01:58:12', '2025-07-30 01:58:12'),
(465, 2, 15, 7350000, 'Received from Bank', '2025-06-01', '2025-07-30 01:58:12', '2025-07-30 01:58:12'),
(466, 11, 13, 80000, '', '2025-06-19', '2025-07-30 01:58:12', '2025-07-30 01:58:12'),
(467, 5, 11, 55000, '', '2025-06-26', '2025-07-30 01:58:12', '2025-07-30 01:58:12'),
(468, 6, 13, 75000, '', '2025-06-28', '2025-07-30 01:58:12', '2025-07-30 01:58:12'),
(469, 6, 11, 30000, '', '2025-06-30', '2025-07-30 01:58:12', '2025-07-30 01:58:12'),
(470, 10, 13, 80000, '', '2025-06-02', '2025-07-30 01:58:12', '2025-07-30 01:58:12'),
(471, 8, 13, 45000, '', '2025-06-09', '2025-07-30 01:58:12', '2025-07-30 01:58:12'),
(472, 3, 13, 50000, '', '2025-06-27', '2025-07-30 01:58:12', '2025-07-30 01:58:12'),
(473, 4, 11, 95000, '', '2025-06-16', '2025-07-30 01:58:12', '2025-07-30 01:58:12'),
(474, 14, 13, 90000, '', '2025-06-27', '2025-07-30 01:58:12', '2025-07-30 01:58:12'),
(475, 4, 11, 25000, '', '2025-06-21', '2025-07-30 01:58:12', '2025-07-30 01:58:12'),
(476, 4, 11, 40000, '', '2025-06-22', '2025-07-30 01:58:12', '2025-07-30 01:58:12'),
(477, 7, 11, 60000, '', '2025-06-20', '2025-07-30 01:58:12', '2025-07-30 01:58:12'),
(478, 11, 11, 80000, '', '2025-06-12', '2025-07-30 01:58:12', '2025-07-30 01:58:12'),
(479, 8, 13, 35000, '', '2025-06-28', '2025-07-30 01:58:12', '2025-07-30 01:58:12'),
(480, 8, 11, 5000, '', '2025-06-19', '2025-07-30 01:58:12', '2025-07-30 01:58:12'),
(481, 15, 12, 21000000, '7th month salary', '2025-07-01', '2025-07-30 01:58:12', '2025-07-30 01:58:12'),
(482, 1, 12, 3150000, 'Moved to Cash', '2025-07-01', '2025-07-30 01:58:12', '2025-07-30 01:58:12'),
(483, 2, 11, 3150000, 'Received from Bank', '2025-07-01', '2025-07-30 01:58:12', '2025-07-30 01:58:12'),
(484, 1, 12, 3150000, 'Moved to E-Wallet', '2025-07-01', '2025-07-30 01:58:12', '2025-07-30 01:58:12'),
(485, 2, 13, 3150000, 'Received from Bank', '2025-07-01', '2025-07-30 01:58:12', '2025-07-30 01:58:12'),
(486, 1, 12, 2100000, 'Moved to Stock', '2025-07-01', '2025-07-30 01:58:12', '2025-07-30 01:58:12'),
(487, 2, 14, 2100000, 'Received from Bank', '2025-07-01', '2025-07-30 01:58:12', '2025-07-30 01:58:12'),
(488, 1, 12, 7350000, 'Moved to Reksadana', '2025-07-01', '2025-07-30 01:58:12', '2025-07-30 01:58:12'),
(489, 2, 15, 7350000, 'Received from Bank', '2025-07-01', '2025-07-30 01:58:12', '2025-07-30 01:58:12'),
(490, 13, 13, 100000, '', '2025-07-13', '2025-07-30 01:58:12', '2025-07-30 01:58:12'),
(491, 9, 13, 65000, '', '2025-07-14', '2025-07-30 01:58:12', '2025-07-30 01:58:12'),
(492, 3, 13, 85000, '', '2025-07-02', '2025-07-30 01:58:12', '2025-07-30 01:58:12'),
(493, 7, 11, 100000, '', '2025-07-24', '2025-07-30 01:58:12', '2025-07-30 01:58:12'),
(494, 14, 13, 20000, '', '2025-07-16', '2025-07-30 01:58:12', '2025-07-30 01:58:12'),
(495, 6, 11, 80000, '', '2025-07-11', '2025-07-30 01:58:12', '2025-07-30 01:58:12'),
(496, 11, 11, 40000, '', '2025-07-11', '2025-07-30 01:58:12', '2025-07-30 01:58:12'),
(497, 9, 11, 85000, '', '2025-07-11', '2025-07-30 01:58:12', '2025-07-30 01:58:12'),
(498, 7, 13, 65000, '', '2025-07-15', '2025-07-30 01:58:12', '2025-07-30 01:58:12'),
(499, 9, 11, 95000, '', '2025-07-26', '2025-07-30 01:58:12', '2025-07-30 01:58:12'),
(500, 9, 13, 80000, '', '2025-07-23', '2025-07-30 01:58:12', '2025-07-30 01:58:12'),
(501, 14, 13, 40000, '', '2025-07-16', '2025-07-30 01:58:12', '2025-07-30 01:58:12'),
(502, 7, 11, 15000, '', '2025-07-19', '2025-07-30 01:58:12', '2025-07-30 01:58:12'),
(503, 12, 11, 80000, '', '2025-07-08', '2025-07-30 01:58:12', '2025-07-30 01:58:12'),
(504, 14, 11, 95000, '', '2025-07-22', '2025-07-30 01:58:12', '2025-07-30 01:58:12'),
(505, 15, 17, 28000000, '1th month salary', '2025-01-01', '2025-07-30 01:58:12', '2025-07-30 01:58:12'),
(506, 1, 17, 4200000, 'Moved to Cash', '2025-01-01', '2025-07-30 01:58:12', '2025-07-30 01:58:12'),
(507, 2, 16, 4200000, 'Received from Bank', '2025-01-01', '2025-07-30 01:58:12', '2025-07-30 01:58:12'),
(508, 1, 17, 4200000, 'Moved to E-Wallet', '2025-01-01', '2025-07-30 01:58:12', '2025-07-30 01:58:12'),
(509, 2, 18, 4200000, 'Received from Bank', '2025-01-01', '2025-07-30 01:58:12', '2025-07-30 01:58:12'),
(510, 1, 17, 2800000, 'Moved to Stock', '2025-01-01', '2025-07-30 01:58:12', '2025-07-30 01:58:12'),
(511, 2, 19, 2800000, 'Received from Bank', '2025-01-01', '2025-07-30 01:58:12', '2025-07-30 01:58:12'),
(512, 1, 17, 9800000, 'Moved to Reksadana', '2025-01-01', '2025-07-30 01:58:12', '2025-07-30 01:58:12'),
(513, 2, 20, 9800000, 'Received from Bank', '2025-01-01', '2025-07-30 01:58:12', '2025-07-30 01:58:12'),
(514, 10, 18, 20000, '', '2025-01-05', '2025-07-30 01:58:12', '2025-07-30 01:58:12'),
(515, 4, 16, 90000, '', '2025-01-29', '2025-07-30 01:58:12', '2025-07-30 01:58:12'),
(516, 13, 16, 30000, '', '2025-01-08', '2025-07-30 01:58:12', '2025-07-30 01:58:12'),
(517, 13, 18, 35000, '', '2025-01-24', '2025-07-30 01:58:12', '2025-07-30 01:58:12'),
(518, 12, 18, 20000, '', '2025-01-08', '2025-07-30 01:58:12', '2025-07-30 01:58:12'),
(519, 10, 18, 35000, '', '2025-01-16', '2025-07-30 01:58:13', '2025-07-30 01:58:13'),
(520, 14, 16, 75000, '', '2025-01-13', '2025-07-30 01:58:13', '2025-07-30 01:58:13'),
(521, 13, 18, 5000, '', '2025-01-03', '2025-07-30 01:58:13', '2025-07-30 01:58:13'),
(522, 13, 16, 10000, '', '2025-01-18', '2025-07-30 01:58:13', '2025-07-30 01:58:13'),
(523, 5, 16, 80000, '', '2025-01-02', '2025-07-30 01:58:13', '2025-07-30 01:58:13'),
(524, 10, 18, 80000, '', '2025-01-23', '2025-07-30 01:58:13', '2025-07-30 01:58:13'),
(525, 3, 18, 35000, '', '2025-01-02', '2025-07-30 01:58:13', '2025-07-30 01:58:13'),
(526, 14, 16, 40000, '', '2025-01-18', '2025-07-30 01:58:13', '2025-07-30 01:58:13'),
(527, 11, 16, 5000, '', '2025-01-29', '2025-07-30 01:58:13', '2025-07-30 01:58:13'),
(528, 6, 16, 100000, '', '2025-01-30', '2025-07-30 01:58:13', '2025-07-30 01:58:13'),
(529, 15, 17, 28000000, '2th month salary', '2025-02-01', '2025-07-30 01:58:13', '2025-07-30 01:58:13'),
(530, 1, 17, 4200000, 'Moved to Cash', '2025-02-01', '2025-07-30 01:58:13', '2025-07-30 01:58:13'),
(531, 2, 16, 4200000, 'Received from Bank', '2025-02-01', '2025-07-30 01:58:13', '2025-07-30 01:58:13'),
(532, 1, 17, 4200000, 'Moved to E-Wallet', '2025-02-01', '2025-07-30 01:58:13', '2025-07-30 01:58:13'),
(533, 2, 18, 4200000, 'Received from Bank', '2025-02-01', '2025-07-30 01:58:13', '2025-07-30 01:58:13'),
(534, 1, 17, 2800000, 'Moved to Stock', '2025-02-01', '2025-07-30 01:58:13', '2025-07-30 01:58:13'),
(535, 2, 19, 2800000, 'Received from Bank', '2025-02-01', '2025-07-30 01:58:13', '2025-07-30 01:58:13'),
(536, 1, 17, 9800000, 'Moved to Reksadana', '2025-02-01', '2025-07-30 01:58:13', '2025-07-30 01:58:13'),
(537, 2, 20, 9800000, 'Received from Bank', '2025-02-01', '2025-07-30 01:58:13', '2025-07-30 01:58:13'),
(538, 14, 18, 5000, '', '2025-02-09', '2025-07-30 01:58:13', '2025-07-30 01:58:13'),
(539, 10, 16, 65000, '', '2025-02-17', '2025-07-30 01:58:13', '2025-07-30 01:58:13'),
(540, 10, 18, 10000, '', '2025-02-11', '2025-07-30 01:58:13', '2025-07-30 01:58:13'),
(541, 5, 16, 50000, '', '2025-03-01', '2025-07-30 01:58:13', '2025-07-30 01:58:13'),
(542, 11, 18, 60000, '', '2025-02-23', '2025-07-30 01:58:13', '2025-07-30 01:58:13'),
(543, 5, 18, 55000, '', '2025-02-16', '2025-07-30 01:58:13', '2025-07-30 01:58:13'),
(544, 4, 16, 20000, '', '2025-02-26', '2025-07-30 01:58:13', '2025-07-30 01:58:13'),
(545, 8, 18, 80000, '', '2025-03-01', '2025-07-30 01:58:13', '2025-07-30 01:58:13'),
(546, 8, 18, 80000, '', '2025-02-19', '2025-07-30 01:58:13', '2025-07-30 01:58:13'),
(547, 5, 16, 50000, '', '2025-02-25', '2025-07-30 01:58:13', '2025-07-30 01:58:13'),
(548, 11, 16, 80000, '', '2025-02-16', '2025-07-30 01:58:13', '2025-07-30 01:58:13'),
(549, 5, 18, 40000, '', '2025-02-06', '2025-07-30 01:58:13', '2025-07-30 01:58:13'),
(550, 8, 18, 40000, '', '2025-02-28', '2025-07-30 01:58:13', '2025-07-30 01:58:13'),
(551, 3, 18, 15000, '', '2025-03-02', '2025-07-30 01:58:13', '2025-07-30 01:58:13'),
(552, 14, 18, 15000, '', '2025-02-14', '2025-07-30 01:58:13', '2025-07-30 01:58:13'),
(553, 15, 17, 28000000, '3th month salary', '2025-03-01', '2025-07-30 01:58:13', '2025-07-30 01:58:13'),
(554, 1, 17, 4200000, 'Moved to Cash', '2025-03-01', '2025-07-30 01:58:13', '2025-07-30 01:58:13'),
(555, 2, 16, 4200000, 'Received from Bank', '2025-03-01', '2025-07-30 01:58:13', '2025-07-30 01:58:13'),
(556, 1, 17, 4200000, 'Moved to E-Wallet', '2025-03-01', '2025-07-30 01:58:13', '2025-07-30 01:58:13');
INSERT INTO `transactions` (`id`, `category_id`, `wallet_id`, `amount`, `note`, `date`, `created_at`, `updated_at`) VALUES
(557, 2, 18, 4200000, 'Received from Bank', '2025-03-01', '2025-07-30 01:58:13', '2025-07-30 01:58:13'),
(558, 1, 17, 2800000, 'Moved to Stock', '2025-03-01', '2025-07-30 01:58:13', '2025-07-30 01:58:13'),
(559, 2, 19, 2800000, 'Received from Bank', '2025-03-01', '2025-07-30 01:58:13', '2025-07-30 01:58:13'),
(560, 1, 17, 9800000, 'Moved to Reksadana', '2025-03-01', '2025-07-30 01:58:13', '2025-07-30 01:58:13'),
(561, 2, 20, 9800000, 'Received from Bank', '2025-03-01', '2025-07-30 01:58:13', '2025-07-30 01:58:13'),
(562, 6, 16, 35000, '', '2025-03-29', '2025-07-30 01:58:13', '2025-07-30 01:58:13'),
(563, 9, 18, 80000, '', '2025-03-08', '2025-07-30 01:58:13', '2025-07-30 01:58:13'),
(564, 10, 18, 40000, '', '2025-03-06', '2025-07-30 01:58:13', '2025-07-30 01:58:13'),
(565, 8, 16, 95000, '', '2025-03-17', '2025-07-30 01:58:13', '2025-07-30 01:58:13'),
(566, 8, 18, 40000, '', '2025-03-05', '2025-07-30 01:58:13', '2025-07-30 01:58:13'),
(567, 11, 16, 50000, '', '2025-03-05', '2025-07-30 01:58:13', '2025-07-30 01:58:13'),
(568, 12, 18, 40000, '', '2025-03-21', '2025-07-30 01:58:13', '2025-07-30 01:58:13'),
(569, 10, 16, 90000, '', '2025-03-10', '2025-07-30 01:58:13', '2025-07-30 01:58:13'),
(570, 6, 16, 20000, '', '2025-03-27', '2025-07-30 01:58:13', '2025-07-30 01:58:13'),
(571, 9, 18, 85000, '', '2025-03-18', '2025-07-30 01:58:13', '2025-07-30 01:58:13'),
(572, 14, 16, 85000, '', '2025-03-02', '2025-07-30 01:58:13', '2025-07-30 01:58:13'),
(573, 5, 18, 100000, '', '2025-03-16', '2025-07-30 01:58:13', '2025-07-30 01:58:13'),
(574, 3, 18, 25000, '', '2025-03-07', '2025-07-30 01:58:13', '2025-07-30 01:58:13'),
(575, 3, 16, 95000, '', '2025-03-09', '2025-07-30 01:58:13', '2025-07-30 01:58:13'),
(576, 12, 18, 65000, '', '2025-03-17', '2025-07-30 01:58:13', '2025-07-30 01:58:13'),
(577, 15, 17, 28000000, '4th month salary', '2025-04-01', '2025-07-30 01:58:13', '2025-07-30 01:58:13'),
(578, 1, 17, 4200000, 'Moved to Cash', '2025-04-01', '2025-07-30 01:58:13', '2025-07-30 01:58:13'),
(579, 2, 16, 4200000, 'Received from Bank', '2025-04-01', '2025-07-30 01:58:13', '2025-07-30 01:58:13'),
(580, 1, 17, 4200000, 'Moved to E-Wallet', '2025-04-01', '2025-07-30 01:58:13', '2025-07-30 01:58:13'),
(581, 2, 18, 4200000, 'Received from Bank', '2025-04-01', '2025-07-30 01:58:13', '2025-07-30 01:58:13'),
(582, 1, 17, 2800000, 'Moved to Stock', '2025-04-01', '2025-07-30 01:58:13', '2025-07-30 01:58:13'),
(583, 2, 19, 2800000, 'Received from Bank', '2025-04-01', '2025-07-30 01:58:13', '2025-07-30 01:58:13'),
(584, 1, 17, 9800000, 'Moved to Reksadana', '2025-04-01', '2025-07-30 01:58:13', '2025-07-30 01:58:13'),
(585, 2, 20, 9800000, 'Received from Bank', '2025-04-01', '2025-07-30 01:58:13', '2025-07-30 01:58:13'),
(586, 12, 18, 60000, '', '2025-04-15', '2025-07-30 01:58:13', '2025-07-30 01:58:13'),
(587, 11, 18, 80000, '', '2025-04-07', '2025-07-30 01:58:13', '2025-07-30 01:58:13'),
(588, 11, 18, 70000, '', '2025-04-20', '2025-07-30 01:58:13', '2025-07-30 01:58:13'),
(589, 6, 16, 20000, '', '2025-04-06', '2025-07-30 01:58:13', '2025-07-30 01:58:13'),
(590, 9, 16, 35000, '', '2025-04-22', '2025-07-30 01:58:13', '2025-07-30 01:58:13'),
(591, 8, 16, 10000, '', '2025-04-18', '2025-07-30 01:58:13', '2025-07-30 01:58:13'),
(592, 11, 16, 80000, '', '2025-04-27', '2025-07-30 01:58:13', '2025-07-30 01:58:13'),
(593, 10, 16, 70000, '', '2025-04-08', '2025-07-30 01:58:13', '2025-07-30 01:58:13'),
(594, 11, 16, 70000, '', '2025-04-04', '2025-07-30 01:58:13', '2025-07-30 01:58:13'),
(595, 6, 18, 85000, '', '2025-04-30', '2025-07-30 01:58:13', '2025-07-30 01:58:13'),
(596, 5, 18, 30000, '', '2025-04-15', '2025-07-30 01:58:13', '2025-07-30 01:58:13'),
(597, 3, 16, 15000, '', '2025-04-19', '2025-07-30 01:58:13', '2025-07-30 01:58:13'),
(598, 4, 16, 30000, '', '2025-04-15', '2025-07-30 01:58:13', '2025-07-30 01:58:13'),
(599, 12, 18, 15000, '', '2025-04-17', '2025-07-30 01:58:13', '2025-07-30 01:58:13'),
(600, 4, 18, 100000, '', '2025-04-01', '2025-07-30 01:58:13', '2025-07-30 01:58:13'),
(601, 15, 17, 28000000, '5th month salary', '2025-05-01', '2025-07-30 01:58:13', '2025-07-30 01:58:13'),
(602, 1, 17, 4200000, 'Moved to Cash', '2025-05-01', '2025-07-30 01:58:13', '2025-07-30 01:58:13'),
(603, 2, 16, 4200000, 'Received from Bank', '2025-05-01', '2025-07-30 01:58:13', '2025-07-30 01:58:13'),
(604, 1, 17, 4200000, 'Moved to E-Wallet', '2025-05-01', '2025-07-30 01:58:13', '2025-07-30 01:58:13'),
(605, 2, 18, 4200000, 'Received from Bank', '2025-05-01', '2025-07-30 01:58:13', '2025-07-30 01:58:13'),
(606, 1, 17, 2800000, 'Moved to Stock', '2025-05-01', '2025-07-30 01:58:13', '2025-07-30 01:58:13'),
(607, 2, 19, 2800000, 'Received from Bank', '2025-05-01', '2025-07-30 01:58:13', '2025-07-30 01:58:13'),
(608, 1, 17, 9800000, 'Moved to Reksadana', '2025-05-01', '2025-07-30 01:58:13', '2025-07-30 01:58:13'),
(609, 2, 20, 9800000, 'Received from Bank', '2025-05-01', '2025-07-30 01:58:13', '2025-07-30 01:58:13'),
(610, 6, 18, 20000, '', '2025-05-03', '2025-07-30 01:58:13', '2025-07-30 01:58:13'),
(611, 11, 18, 30000, '', '2025-05-03', '2025-07-30 01:58:13', '2025-07-30 01:58:13'),
(612, 12, 18, 40000, '', '2025-05-01', '2025-07-30 01:58:13', '2025-07-30 01:58:13'),
(613, 13, 16, 5000, '', '2025-05-23', '2025-07-30 01:58:13', '2025-07-30 01:58:13'),
(614, 9, 16, 70000, '', '2025-05-16', '2025-07-30 01:58:13', '2025-07-30 01:58:13'),
(615, 5, 16, 25000, '', '2025-05-15', '2025-07-30 01:58:13', '2025-07-30 01:58:13'),
(616, 13, 18, 95000, '', '2025-05-06', '2025-07-30 01:58:13', '2025-07-30 01:58:13'),
(617, 4, 16, 90000, '', '2025-05-11', '2025-07-30 01:58:13', '2025-07-30 01:58:13'),
(618, 9, 16, 85000, '', '2025-05-30', '2025-07-30 01:58:13', '2025-07-30 01:58:13'),
(619, 9, 16, 85000, '', '2025-05-09', '2025-07-30 01:58:13', '2025-07-30 01:58:13'),
(620, 13, 16, 80000, '', '2025-05-21', '2025-07-30 01:58:13', '2025-07-30 01:58:13'),
(621, 4, 18, 60000, '', '2025-05-22', '2025-07-30 01:58:13', '2025-07-30 01:58:13'),
(622, 11, 18, 10000, '', '2025-05-02', '2025-07-30 01:58:13', '2025-07-30 01:58:13'),
(623, 8, 16, 65000, '', '2025-05-14', '2025-07-30 01:58:13', '2025-07-30 01:58:13'),
(624, 12, 16, 10000, '', '2025-05-05', '2025-07-30 01:58:13', '2025-07-30 01:58:13'),
(625, 15, 17, 28000000, '6th month salary', '2025-06-01', '2025-07-30 01:58:13', '2025-07-30 01:58:13'),
(626, 1, 17, 4200000, 'Moved to Cash', '2025-06-01', '2025-07-30 01:58:14', '2025-07-30 01:58:14'),
(627, 2, 16, 4200000, 'Received from Bank', '2025-06-01', '2025-07-30 01:58:14', '2025-07-30 01:58:14'),
(628, 1, 17, 4200000, 'Moved to E-Wallet', '2025-06-01', '2025-07-30 01:58:14', '2025-07-30 01:58:14'),
(629, 2, 18, 4200000, 'Received from Bank', '2025-06-01', '2025-07-30 01:58:14', '2025-07-30 01:58:14'),
(630, 1, 17, 2800000, 'Moved to Stock', '2025-06-01', '2025-07-30 01:58:14', '2025-07-30 01:58:14'),
(631, 2, 19, 2800000, 'Received from Bank', '2025-06-01', '2025-07-30 01:58:14', '2025-07-30 01:58:14'),
(632, 1, 17, 9800000, 'Moved to Reksadana', '2025-06-01', '2025-07-30 01:58:14', '2025-07-30 01:58:14'),
(633, 2, 20, 9800000, 'Received from Bank', '2025-06-01', '2025-07-30 01:58:14', '2025-07-30 01:58:14'),
(634, 12, 18, 30000, '', '2025-06-01', '2025-07-30 01:58:14', '2025-07-30 01:58:14'),
(635, 11, 18, 25000, '', '2025-06-15', '2025-07-30 01:58:14', '2025-07-30 01:58:14'),
(636, 14, 18, 40000, '', '2025-06-19', '2025-07-30 01:58:14', '2025-07-30 01:58:14'),
(637, 7, 18, 65000, '', '2025-06-21', '2025-07-30 01:58:14', '2025-07-30 01:58:14'),
(638, 7, 18, 40000, '', '2025-06-11', '2025-07-30 01:58:14', '2025-07-30 01:58:14'),
(639, 8, 16, 40000, '', '2025-06-22', '2025-07-30 01:58:14', '2025-07-30 01:58:14'),
(640, 11, 18, 10000, '', '2025-06-04', '2025-07-30 01:58:14', '2025-07-30 01:58:14'),
(641, 5, 16, 5000, '', '2025-06-20', '2025-07-30 01:58:14', '2025-07-30 01:58:14'),
(642, 3, 16, 70000, '', '2025-06-13', '2025-07-30 01:58:14', '2025-07-30 01:58:14'),
(643, 7, 16, 40000, '', '2025-06-04', '2025-07-30 01:58:14', '2025-07-30 01:58:14'),
(644, 4, 16, 75000, '', '2025-06-02', '2025-07-30 01:58:14', '2025-07-30 01:58:14'),
(645, 4, 16, 25000, '', '2025-06-08', '2025-07-30 01:58:14', '2025-07-30 01:58:14'),
(646, 6, 16, 5000, '', '2025-06-25', '2025-07-30 01:58:14', '2025-07-30 01:58:14'),
(647, 11, 16, 5000, '', '2025-06-17', '2025-07-30 01:58:14', '2025-07-30 01:58:14'),
(648, 8, 16, 10000, '', '2025-06-28', '2025-07-30 01:58:14', '2025-07-30 01:58:14'),
(649, 15, 17, 28000000, '7th month salary', '2025-07-01', '2025-07-30 01:58:14', '2025-07-30 01:58:14'),
(650, 1, 17, 4200000, 'Moved to Cash', '2025-07-01', '2025-07-30 01:58:14', '2025-07-30 01:58:14'),
(651, 2, 16, 4200000, 'Received from Bank', '2025-07-01', '2025-07-30 01:58:14', '2025-07-30 01:58:14'),
(652, 1, 17, 4200000, 'Moved to E-Wallet', '2025-07-01', '2025-07-30 01:58:14', '2025-07-30 01:58:14'),
(653, 2, 18, 4200000, 'Received from Bank', '2025-07-01', '2025-07-30 01:58:14', '2025-07-30 01:58:14'),
(654, 1, 17, 2800000, 'Moved to Stock', '2025-07-01', '2025-07-30 01:58:14', '2025-07-30 01:58:14'),
(655, 2, 19, 2800000, 'Received from Bank', '2025-07-01', '2025-07-30 01:58:14', '2025-07-30 01:58:14'),
(656, 1, 17, 9800000, 'Moved to Reksadana', '2025-07-01', '2025-07-30 01:58:14', '2025-07-30 01:58:14'),
(657, 2, 20, 9800000, 'Received from Bank', '2025-07-01', '2025-07-30 01:58:14', '2025-07-30 01:58:14'),
(658, 3, 18, 65000, '', '2025-07-22', '2025-07-30 01:58:14', '2025-07-30 01:58:14'),
(659, 7, 18, 80000, '', '2025-07-13', '2025-07-30 01:58:14', '2025-07-30 01:58:14'),
(660, 3, 18, 10000, '', '2025-07-07', '2025-07-30 01:58:14', '2025-07-30 01:58:14'),
(661, 11, 16, 90000, '', '2025-07-12', '2025-07-30 01:58:14', '2025-07-30 01:58:14'),
(662, 5, 16, 35000, '', '2025-07-24', '2025-07-30 01:58:14', '2025-07-30 01:58:14'),
(663, 11, 16, 65000, '', '2025-07-04', '2025-07-30 01:58:14', '2025-07-30 01:58:14'),
(664, 9, 18, 40000, '', '2025-07-05', '2025-07-30 01:58:14', '2025-07-30 01:58:14'),
(665, 8, 16, 20000, '', '2025-07-16', '2025-07-30 01:58:14', '2025-07-30 01:58:14'),
(666, 11, 16, 35000, '', '2025-07-25', '2025-07-30 01:58:14', '2025-07-30 01:58:14'),
(667, 3, 18, 40000, '', '2025-07-19', '2025-07-30 01:58:14', '2025-07-30 01:58:14'),
(668, 10, 18, 10000, '', '2025-07-07', '2025-07-30 01:58:14', '2025-07-30 01:58:14'),
(669, 13, 16, 40000, '', '2025-07-08', '2025-07-30 01:58:14', '2025-07-30 01:58:14'),
(670, 5, 18, 55000, '', '2025-07-07', '2025-07-30 01:58:14', '2025-07-30 01:58:14'),
(671, 5, 18, 20000, '', '2025-07-06', '2025-07-30 01:58:14', '2025-07-30 01:58:14'),
(672, 5, 18, 45000, '', '2025-07-11', '2025-07-30 01:58:14', '2025-07-30 01:58:14'),
(673, 15, 22, 35000000, '1th month salary', '2025-01-01', '2025-07-30 01:58:14', '2025-07-30 01:58:14'),
(674, 1, 22, 5250000, 'Moved to Cash', '2025-01-01', '2025-07-30 01:58:14', '2025-07-30 01:58:14'),
(675, 2, 21, 5250000, 'Received from Bank', '2025-01-01', '2025-07-30 01:58:14', '2025-07-30 01:58:14'),
(676, 1, 22, 5250000, 'Moved to E-Wallet', '2025-01-01', '2025-07-30 01:58:14', '2025-07-30 01:58:14'),
(677, 2, 23, 5250000, 'Received from Bank', '2025-01-01', '2025-07-30 01:58:14', '2025-07-30 01:58:14'),
(678, 1, 22, 3500000, 'Moved to Stock', '2025-01-01', '2025-07-30 01:58:14', '2025-07-30 01:58:14'),
(679, 2, 24, 3500000, 'Received from Bank', '2025-01-01', '2025-07-30 01:58:14', '2025-07-30 01:58:14'),
(680, 1, 22, 12250000, 'Moved to Reksadana', '2025-01-01', '2025-07-30 01:58:14', '2025-07-30 01:58:14'),
(681, 2, 25, 12250000, 'Received from Bank', '2025-01-01', '2025-07-30 01:58:14', '2025-07-30 01:58:14'),
(682, 3, 21, 40000, '', '2025-01-13', '2025-07-30 01:58:14', '2025-07-30 01:58:14'),
(683, 8, 23, 40000, '', '2025-01-23', '2025-07-30 01:58:14', '2025-07-30 01:58:14'),
(684, 12, 23, 65000, '', '2025-01-08', '2025-07-30 01:58:14', '2025-07-30 01:58:14'),
(685, 6, 23, 95000, '', '2025-01-15', '2025-07-30 01:58:14', '2025-07-30 01:58:14'),
(686, 5, 23, 50000, '', '2025-01-01', '2025-07-30 01:58:14', '2025-07-30 01:58:14'),
(687, 10, 21, 75000, '', '2025-01-30', '2025-07-30 01:58:14', '2025-07-30 01:58:14'),
(688, 4, 23, 25000, '', '2025-01-09', '2025-07-30 01:58:14', '2025-07-30 01:58:14'),
(689, 14, 23, 5000, '', '2025-01-14', '2025-07-30 01:58:14', '2025-07-30 01:58:14'),
(690, 14, 23, 5000, '', '2025-01-13', '2025-07-30 01:58:14', '2025-07-30 01:58:14'),
(691, 6, 23, 45000, '', '2025-01-19', '2025-07-30 01:58:14', '2025-07-30 01:58:14'),
(692, 13, 21, 25000, '', '2025-01-28', '2025-07-30 01:58:14', '2025-07-30 01:58:14'),
(693, 11, 23, 30000, '', '2025-01-13', '2025-07-30 01:58:14', '2025-07-30 01:58:14'),
(694, 8, 21, 55000, '', '2025-01-21', '2025-07-30 01:58:14', '2025-07-30 01:58:14'),
(695, 6, 21, 60000, '', '2025-01-01', '2025-07-30 01:58:14', '2025-07-30 01:58:14'),
(696, 3, 23, 70000, '', '2025-01-02', '2025-07-30 01:58:14', '2025-07-30 01:58:14'),
(697, 15, 22, 35000000, '2th month salary', '2025-02-01', '2025-07-30 01:58:14', '2025-07-30 01:58:14'),
(698, 1, 22, 5250000, 'Moved to Cash', '2025-02-01', '2025-07-30 01:58:14', '2025-07-30 01:58:14'),
(699, 2, 21, 5250000, 'Received from Bank', '2025-02-01', '2025-07-30 01:58:14', '2025-07-30 01:58:14'),
(700, 1, 22, 5250000, 'Moved to E-Wallet', '2025-02-01', '2025-07-30 01:58:14', '2025-07-30 01:58:14'),
(701, 2, 23, 5250000, 'Received from Bank', '2025-02-01', '2025-07-30 01:58:14', '2025-07-30 01:58:14'),
(702, 1, 22, 3500000, 'Moved to Stock', '2025-02-01', '2025-07-30 01:58:14', '2025-07-30 01:58:14'),
(703, 2, 24, 3500000, 'Received from Bank', '2025-02-01', '2025-07-30 01:58:14', '2025-07-30 01:58:14'),
(704, 1, 22, 12250000, 'Moved to Reksadana', '2025-02-01', '2025-07-30 01:58:14', '2025-07-30 01:58:14'),
(705, 2, 25, 12250000, 'Received from Bank', '2025-02-01', '2025-07-30 01:58:14', '2025-07-30 01:58:14'),
(706, 13, 23, 70000, '', '2025-02-08', '2025-07-30 01:58:14', '2025-07-30 01:58:14'),
(707, 9, 21, 45000, '', '2025-02-02', '2025-07-30 01:58:14', '2025-07-30 01:58:14'),
(708, 13, 21, 90000, '', '2025-02-21', '2025-07-30 01:58:14', '2025-07-30 01:58:14'),
(709, 3, 21, 70000, '', '2025-02-04', '2025-07-30 01:58:14', '2025-07-30 01:58:14'),
(710, 12, 23, 85000, '', '2025-02-12', '2025-07-30 01:58:14', '2025-07-30 01:58:14'),
(711, 5, 23, 80000, '', '2025-02-02', '2025-07-30 01:58:14', '2025-07-30 01:58:14'),
(712, 14, 23, 20000, '', '2025-02-25', '2025-07-30 01:58:14', '2025-07-30 01:58:14'),
(713, 6, 21, 55000, '', '2025-02-19', '2025-07-30 01:58:14', '2025-07-30 01:58:14'),
(714, 9, 21, 40000, '', '2025-02-08', '2025-07-30 01:58:14', '2025-07-30 01:58:14'),
(715, 6, 23, 20000, '', '2025-02-28', '2025-07-30 01:58:14', '2025-07-30 01:58:14'),
(716, 9, 23, 50000, '', '2025-02-19', '2025-07-30 01:58:14', '2025-07-30 01:58:14'),
(717, 5, 21, 40000, '', '2025-03-01', '2025-07-30 01:58:14', '2025-07-30 01:58:14'),
(718, 9, 21, 65000, '', '2025-03-01', '2025-07-30 01:58:14', '2025-07-30 01:58:14'),
(719, 7, 21, 35000, '', '2025-03-02', '2025-07-30 01:58:14', '2025-07-30 01:58:14'),
(720, 13, 23, 90000, '', '2025-02-06', '2025-07-30 01:58:14', '2025-07-30 01:58:14'),
(721, 15, 22, 35000000, '3th month salary', '2025-03-01', '2025-07-30 01:58:14', '2025-07-30 01:58:14'),
(722, 1, 22, 5250000, 'Moved to Cash', '2025-03-01', '2025-07-30 01:58:14', '2025-07-30 01:58:14'),
(723, 2, 21, 5250000, 'Received from Bank', '2025-03-01', '2025-07-30 01:58:14', '2025-07-30 01:58:14'),
(724, 1, 22, 5250000, 'Moved to E-Wallet', '2025-03-01', '2025-07-30 01:58:14', '2025-07-30 01:58:14'),
(725, 2, 23, 5250000, 'Received from Bank', '2025-03-01', '2025-07-30 01:58:14', '2025-07-30 01:58:14'),
(726, 1, 22, 3500000, 'Moved to Stock', '2025-03-01', '2025-07-30 01:58:14', '2025-07-30 01:58:14'),
(727, 2, 24, 3500000, 'Received from Bank', '2025-03-01', '2025-07-30 01:58:14', '2025-07-30 01:58:14'),
(728, 1, 22, 12250000, 'Moved to Reksadana', '2025-03-01', '2025-07-30 01:58:14', '2025-07-30 01:58:14'),
(729, 2, 25, 12250000, 'Received from Bank', '2025-03-01', '2025-07-30 01:58:15', '2025-07-30 01:58:15'),
(730, 13, 23, 80000, '', '2025-03-30', '2025-07-30 01:58:15', '2025-07-30 01:58:15'),
(731, 13, 21, 100000, '', '2025-03-11', '2025-07-30 01:58:15', '2025-07-30 01:58:15'),
(732, 6, 21, 25000, '', '2025-03-15', '2025-07-30 01:58:15', '2025-07-30 01:58:15'),
(733, 14, 21, 40000, '', '2025-03-28', '2025-07-30 01:58:15', '2025-07-30 01:58:15'),
(734, 12, 23, 65000, '', '2025-03-02', '2025-07-30 01:58:15', '2025-07-30 01:58:15'),
(735, 8, 23, 25000, '', '2025-03-06', '2025-07-30 01:58:15', '2025-07-30 01:58:15'),
(736, 7, 23, 100000, '', '2025-03-19', '2025-07-30 01:58:15', '2025-07-30 01:58:15'),
(737, 9, 23, 60000, '', '2025-03-19', '2025-07-30 01:58:15', '2025-07-30 01:58:15'),
(738, 4, 23, 90000, '', '2025-03-25', '2025-07-30 01:58:15', '2025-07-30 01:58:15'),
(739, 8, 23, 20000, '', '2025-03-30', '2025-07-30 01:58:15', '2025-07-30 01:58:15'),
(740, 9, 23, 50000, '', '2025-03-19', '2025-07-30 01:58:15', '2025-07-30 01:58:15'),
(741, 13, 23, 65000, '', '2025-03-27', '2025-07-30 01:58:15', '2025-07-30 01:58:15'),
(742, 14, 21, 5000, '', '2025-03-22', '2025-07-30 01:58:15', '2025-07-30 01:58:15'),
(743, 12, 21, 15000, '', '2025-03-24', '2025-07-30 01:58:15', '2025-07-30 01:58:15'),
(744, 11, 23, 60000, '', '2025-03-19', '2025-07-30 01:58:15', '2025-07-30 01:58:15'),
(745, 15, 22, 35000000, '4th month salary', '2025-04-01', '2025-07-30 01:58:15', '2025-07-30 01:58:15'),
(746, 1, 22, 5250000, 'Moved to Cash', '2025-04-01', '2025-07-30 01:58:15', '2025-07-30 01:58:15'),
(747, 2, 21, 5250000, 'Received from Bank', '2025-04-01', '2025-07-30 01:58:15', '2025-07-30 01:58:15'),
(748, 1, 22, 5250000, 'Moved to E-Wallet', '2025-04-01', '2025-07-30 01:58:15', '2025-07-30 01:58:15'),
(749, 2, 23, 5250000, 'Received from Bank', '2025-04-01', '2025-07-30 01:58:15', '2025-07-30 01:58:15'),
(750, 1, 22, 3500000, 'Moved to Stock', '2025-04-01', '2025-07-30 01:58:15', '2025-07-30 01:58:15'),
(751, 2, 24, 3500000, 'Received from Bank', '2025-04-01', '2025-07-30 01:58:15', '2025-07-30 01:58:15'),
(752, 1, 22, 12250000, 'Moved to Reksadana', '2025-04-01', '2025-07-30 01:58:15', '2025-07-30 01:58:15'),
(753, 2, 25, 12250000, 'Received from Bank', '2025-04-01', '2025-07-30 01:58:15', '2025-07-30 01:58:15'),
(754, 14, 23, 40000, '', '2025-04-10', '2025-07-30 01:58:15', '2025-07-30 01:58:15'),
(755, 12, 23, 10000, '', '2025-04-30', '2025-07-30 01:58:15', '2025-07-30 01:58:15'),
(756, 14, 21, 35000, '', '2025-04-17', '2025-07-30 01:58:15', '2025-07-30 01:58:15'),
(757, 6, 21, 80000, '', '2025-04-21', '2025-07-30 01:58:15', '2025-07-30 01:58:15'),
(758, 6, 21, 95000, '', '2025-04-27', '2025-07-30 01:58:15', '2025-07-30 01:58:15'),
(759, 10, 23, 95000, '', '2025-04-08', '2025-07-30 01:58:15', '2025-07-30 01:58:15'),
(760, 13, 23, 85000, '', '2025-04-30', '2025-07-30 01:58:15', '2025-07-30 01:58:15'),
(761, 3, 21, 5000, '', '2025-04-09', '2025-07-30 01:58:15', '2025-07-30 01:58:15'),
(762, 13, 23, 45000, '', '2025-04-20', '2025-07-30 01:58:15', '2025-07-30 01:58:15'),
(763, 8, 21, 5000, '', '2025-04-04', '2025-07-30 01:58:15', '2025-07-30 01:58:15'),
(764, 3, 23, 30000, '', '2025-04-06', '2025-07-30 01:58:15', '2025-07-30 01:58:15'),
(765, 7, 21, 70000, '', '2025-04-04', '2025-07-30 01:58:15', '2025-07-30 01:58:15'),
(766, 6, 21, 90000, '', '2025-04-10', '2025-07-30 01:58:15', '2025-07-30 01:58:15'),
(767, 7, 23, 55000, '', '2025-04-05', '2025-07-30 01:58:15', '2025-07-30 01:58:15'),
(768, 13, 23, 95000, '', '2025-04-10', '2025-07-30 01:58:15', '2025-07-30 01:58:15'),
(769, 15, 22, 35000000, '5th month salary', '2025-05-01', '2025-07-30 01:58:15', '2025-07-30 01:58:15'),
(770, 1, 22, 5250000, 'Moved to Cash', '2025-05-01', '2025-07-30 01:58:15', '2025-07-30 01:58:15'),
(771, 2, 21, 5250000, 'Received from Bank', '2025-05-01', '2025-07-30 01:58:15', '2025-07-30 01:58:15'),
(772, 1, 22, 5250000, 'Moved to E-Wallet', '2025-05-01', '2025-07-30 01:58:15', '2025-07-30 01:58:15'),
(773, 2, 23, 5250000, 'Received from Bank', '2025-05-01', '2025-07-30 01:58:15', '2025-07-30 01:58:15'),
(774, 1, 22, 3500000, 'Moved to Stock', '2025-05-01', '2025-07-30 01:58:15', '2025-07-30 01:58:15'),
(775, 2, 24, 3500000, 'Received from Bank', '2025-05-01', '2025-07-30 01:58:15', '2025-07-30 01:58:15'),
(776, 1, 22, 12250000, 'Moved to Reksadana', '2025-05-01', '2025-07-30 01:58:15', '2025-07-30 01:58:15'),
(777, 2, 25, 12250000, 'Received from Bank', '2025-05-01', '2025-07-30 01:58:15', '2025-07-30 01:58:15'),
(778, 5, 23, 40000, '', '2025-05-05', '2025-07-30 01:58:15', '2025-07-30 01:58:15'),
(779, 14, 21, 75000, '', '2025-05-02', '2025-07-30 01:58:15', '2025-07-30 01:58:15'),
(780, 9, 21, 35000, '', '2025-05-06', '2025-07-30 01:58:15', '2025-07-30 01:58:15'),
(781, 5, 21, 75000, '', '2025-05-25', '2025-07-30 01:58:15', '2025-07-30 01:58:15'),
(782, 14, 23, 55000, '', '2025-05-08', '2025-07-30 01:58:15', '2025-07-30 01:58:15'),
(783, 11, 21, 55000, '', '2025-05-11', '2025-07-30 01:58:15', '2025-07-30 01:58:15'),
(784, 7, 21, 85000, '', '2025-05-01', '2025-07-30 01:58:15', '2025-07-30 01:58:15'),
(785, 12, 21, 80000, '', '2025-05-17', '2025-07-30 01:58:15', '2025-07-30 01:58:15'),
(786, 7, 23, 10000, '', '2025-05-10', '2025-07-30 01:58:15', '2025-07-30 01:58:15'),
(787, 11, 21, 60000, '', '2025-05-20', '2025-07-30 01:58:15', '2025-07-30 01:58:15'),
(788, 8, 21, 55000, '', '2025-05-05', '2025-07-30 01:58:15', '2025-07-30 01:58:15'),
(789, 13, 23, 75000, '', '2025-05-04', '2025-07-30 01:58:15', '2025-07-30 01:58:15'),
(790, 8, 23, 30000, '', '2025-05-11', '2025-07-30 01:58:15', '2025-07-30 01:58:15'),
(791, 4, 23, 70000, '', '2025-05-26', '2025-07-30 01:58:15', '2025-07-30 01:58:15'),
(792, 11, 21, 95000, '', '2025-05-30', '2025-07-30 01:58:15', '2025-07-30 01:58:15'),
(793, 15, 22, 35000000, '6th month salary', '2025-06-01', '2025-07-30 01:58:15', '2025-07-30 01:58:15'),
(794, 1, 22, 5250000, 'Moved to Cash', '2025-06-01', '2025-07-30 01:58:15', '2025-07-30 01:58:15'),
(795, 2, 21, 5250000, 'Received from Bank', '2025-06-01', '2025-07-30 01:58:15', '2025-07-30 01:58:15'),
(796, 1, 22, 5250000, 'Moved to E-Wallet', '2025-06-01', '2025-07-30 01:58:15', '2025-07-30 01:58:15'),
(797, 2, 23, 5250000, 'Received from Bank', '2025-06-01', '2025-07-30 01:58:15', '2025-07-30 01:58:15'),
(798, 1, 22, 3500000, 'Moved to Stock', '2025-06-01', '2025-07-30 01:58:15', '2025-07-30 01:58:15'),
(799, 2, 24, 3500000, 'Received from Bank', '2025-06-01', '2025-07-30 01:58:15', '2025-07-30 01:58:15'),
(800, 1, 22, 12250000, 'Moved to Reksadana', '2025-06-01', '2025-07-30 01:58:15', '2025-07-30 01:58:15'),
(801, 2, 25, 12250000, 'Received from Bank', '2025-06-01', '2025-07-30 01:58:15', '2025-07-30 01:58:15'),
(802, 3, 21, 30000, '', '2025-06-08', '2025-07-30 01:58:15', '2025-07-30 01:58:15'),
(803, 4, 23, 25000, '', '2025-06-24', '2025-07-30 01:58:15', '2025-07-30 01:58:15'),
(804, 4, 21, 65000, '', '2025-06-01', '2025-07-30 01:58:15', '2025-07-30 01:58:15'),
(805, 14, 21, 10000, '', '2025-06-14', '2025-07-30 01:58:15', '2025-07-30 01:58:15'),
(806, 13, 23, 40000, '', '2025-06-23', '2025-07-30 01:58:15', '2025-07-30 01:58:15'),
(807, 4, 23, 50000, '', '2025-06-20', '2025-07-30 01:58:15', '2025-07-30 01:58:15'),
(808, 6, 23, 10000, '', '2025-06-16', '2025-07-30 01:58:15', '2025-07-30 01:58:15'),
(809, 13, 23, 80000, '', '2025-06-11', '2025-07-30 01:58:15', '2025-07-30 01:58:15'),
(810, 10, 23, 70000, '', '2025-06-08', '2025-07-30 01:58:15', '2025-07-30 01:58:15'),
(811, 12, 23, 25000, '', '2025-06-11', '2025-07-30 01:58:15', '2025-07-30 01:58:15'),
(812, 5, 21, 25000, '', '2025-06-15', '2025-07-30 01:58:15', '2025-07-30 01:58:15'),
(813, 13, 23, 10000, '', '2025-06-28', '2025-07-30 01:58:15', '2025-07-30 01:58:15'),
(814, 7, 21, 15000, '', '2025-06-26', '2025-07-30 01:58:15', '2025-07-30 01:58:15'),
(815, 3, 21, 70000, '', '2025-06-17', '2025-07-30 01:58:15', '2025-07-30 01:58:15'),
(816, 13, 23, 30000, '', '2025-06-08', '2025-07-30 01:58:15', '2025-07-30 01:58:15'),
(817, 15, 22, 35000000, '7th month salary', '2025-07-01', '2025-07-30 01:58:15', '2025-07-30 01:58:15'),
(818, 1, 22, 5250000, 'Moved to Cash', '2025-07-01', '2025-07-30 01:58:15', '2025-07-30 01:58:15'),
(819, 2, 21, 5250000, 'Received from Bank', '2025-07-01', '2025-07-30 01:58:15', '2025-07-30 01:58:15'),
(820, 1, 22, 5250000, 'Moved to E-Wallet', '2025-07-01', '2025-07-30 01:58:15', '2025-07-30 01:58:15'),
(821, 2, 23, 5250000, 'Received from Bank', '2025-07-01', '2025-07-30 01:58:15', '2025-07-30 01:58:15'),
(822, 1, 22, 3500000, 'Moved to Stock', '2025-07-01', '2025-07-30 01:58:15', '2025-07-30 01:58:15'),
(823, 2, 24, 3500000, 'Received from Bank', '2025-07-01', '2025-07-30 01:58:15', '2025-07-30 01:58:15'),
(824, 1, 22, 12250000, 'Moved to Reksadana', '2025-07-01', '2025-07-30 01:58:15', '2025-07-30 01:58:15'),
(825, 2, 25, 12250000, 'Received from Bank', '2025-07-01', '2025-07-30 01:58:15', '2025-07-30 01:58:15'),
(826, 6, 21, 100000, '', '2025-07-13', '2025-07-30 01:58:15', '2025-07-30 01:58:15'),
(827, 13, 23, 40000, '', '2025-07-08', '2025-07-30 01:58:15', '2025-07-30 01:58:15'),
(828, 13, 23, 75000, '', '2025-07-03', '2025-07-30 01:58:15', '2025-07-30 01:58:15'),
(829, 7, 21, 90000, '', '2025-07-19', '2025-07-30 01:58:15', '2025-07-30 01:58:15'),
(830, 3, 23, 90000, '', '2025-07-17', '2025-07-30 01:58:15', '2025-07-30 01:58:15'),
(831, 4, 23, 10000, '', '2025-07-05', '2025-07-30 01:58:15', '2025-07-30 01:58:15'),
(832, 4, 21, 85000, '', '2025-07-29', '2025-07-30 01:58:15', '2025-07-30 01:58:15'),
(833, 12, 23, 5000, '', '2025-07-05', '2025-07-30 01:58:15', '2025-07-30 01:58:15'),
(834, 12, 21, 20000, '', '2025-07-22', '2025-07-30 01:58:15', '2025-07-30 01:58:15'),
(835, 3, 23, 85000, '', '2025-07-27', '2025-07-30 01:58:15', '2025-07-30 01:58:15'),
(836, 9, 23, 80000, '', '2025-07-14', '2025-07-30 01:58:15', '2025-07-30 01:58:15'),
(837, 8, 21, 90000, '', '2025-07-10', '2025-07-30 01:58:15', '2025-07-30 01:58:15'),
(838, 11, 21, 100000, '', '2025-07-09', '2025-07-30 01:58:15', '2025-07-30 01:58:15'),
(839, 8, 23, 70000, '', '2025-07-15', '2025-07-30 01:58:15', '2025-07-30 01:58:15'),
(840, 9, 21, 45000, '', '2025-07-17', '2025-07-30 01:58:15', '2025-07-30 01:58:15');

-- --------------------------------------------------------

--
-- Struktur dari tabel `users`
--

CREATE TABLE `users` (
  `id` bigint UNSIGNED NOT NULL,
  `name` varchar(255) COLLATE utf8mb4_unicode_ci NOT NULL,
  `email` varchar(255) COLLATE utf8mb4_unicode_ci NOT NULL,
  `password` varchar(255) COLLATE utf8mb4_unicode_ci NOT NULL,
  `remember_token` varchar(100) COLLATE utf8mb4_unicode_ci DEFAULT NULL,
  `created_at` timestamp NULL DEFAULT NULL,
  `updated_at` timestamp NULL DEFAULT NULL
) ENGINE=InnoDB DEFAULT CHARSET=utf8mb4 COLLATE=utf8mb4_unicode_ci;

--
-- Dumping data untuk tabel `users`
--

INSERT INTO `users` (`id`, `name`, `email`, `password`, `remember_token`, `created_at`, `updated_at`) VALUES
(1, 'Budi', 'budi@webtech.id', '$2y$12$RSdVi9wCfLSjzPygHN9/.euGS0J.t2d9PVAQCY9V1PydtNLK3K3wG', NULL, '2025-07-30 01:58:07', '2025-07-30 01:58:07'),
(2, 'Siti', 'siti@webtech.id', '$2y$12$01tDU/WIgE3f6RFkQ3ALiOyhpYT7HO1YKKOvbCSZS21YAFQVrbT12', NULL, '2025-07-30 01:58:07', '2025-07-30 01:58:07'),
(3, 'Agus', 'agus@webtech.id', '$2y$12$I0YMX0mPS.IgpUsURo7NJO/a1AYy6UEKOG2i3ejF/XeK2Df76atFy', NULL, '2025-07-30 01:58:07', '2025-07-30 01:58:07'),
(4, 'Dewi', 'dewi@webtech.id', '$2y$12$Yec1r2khQN6hG8LWWPsb8u1xpztz1CufdskRafwtADMOLx3xjyyW.', NULL, '2025-07-30 01:58:07', '2025-07-30 01:58:07'),
(5, 'Joko', 'joko@webtech.id', '$2y$12$r4q1eNnOP6o0voqBFR9hX.wPh1iOFR0Z3.M1anolZChuHjQd/5sn2', NULL, '2025-07-30 01:58:07', '2025-07-30 01:58:07');

-- --------------------------------------------------------

--
-- Struktur dari tabel `wallets`
--

CREATE TABLE `wallets` (
  `id` bigint UNSIGNED NOT NULL,
  `user_id` bigint UNSIGNED NOT NULL,
  `currency_id` bigint UNSIGNED NOT NULL,
  `name` varchar(255) COLLATE utf8mb4_unicode_ci NOT NULL,
  `created_at` timestamp NULL DEFAULT NULL,
  `updated_at` timestamp NULL DEFAULT NULL,
  `deleted_at` timestamp NULL DEFAULT NULL
) ENGINE=InnoDB DEFAULT CHARSET=utf8mb4 COLLATE=utf8mb4_unicode_ci;

--
-- Dumping data untuk tabel `wallets`
--

INSERT INTO `wallets` (`id`, `user_id`, `currency_id`, `name`, `created_at`, `updated_at`, `deleted_at`) VALUES
(1, 1, 47, 'Cash', '2025-07-30 01:58:07', '2025-07-30 01:58:07', NULL),
(2, 1, 47, 'Bank', '2025-07-30 01:58:07', '2025-07-30 01:58:07', NULL),
(3, 1, 47, 'E-Wallet', '2025-07-30 01:58:08', '2025-07-30 01:58:08', NULL),
(4, 1, 47, 'Stock', '2025-07-30 01:58:08', '2025-07-30 01:58:08', NULL),
(5, 1, 47, 'Reksadana', '2025-07-30 01:58:08', '2025-07-30 01:58:08', NULL),
(6, 2, 47, 'Cash', '2025-07-30 01:58:08', '2025-07-30 01:58:08', NULL),
(7, 2, 47, 'Bank', '2025-07-30 01:58:08', '2025-07-30 01:58:08', NULL),
(8, 2, 47, 'E-Wallet', '2025-07-30 01:58:08', '2025-07-30 01:58:08', NULL),
(9, 2, 47, 'Stock', '2025-07-30 01:58:08', '2025-07-30 01:58:08', NULL),
(10, 2, 47, 'Reksadana', '2025-07-30 01:58:08', '2025-07-30 01:58:08', NULL),
(11, 3, 47, 'Cash', '2025-07-30 01:58:08', '2025-07-30 01:58:08', NULL),
(12, 3, 47, 'Bank', '2025-07-30 01:58:08', '2025-07-30 01:58:08', NULL),
(13, 3, 47, 'E-Wallet', '2025-07-30 01:58:08', '2025-07-30 01:58:08', NULL),
(14, 3, 47, 'Stock', '2025-07-30 01:58:08', '2025-07-30 01:58:08', NULL),
(15, 3, 47, 'Reksadana', '2025-07-30 01:58:08', '2025-07-30 01:58:08', NULL),
(16, 4, 47, 'Cash', '2025-07-30 01:58:08', '2025-07-30 01:58:08', NULL),
(17, 4, 47, 'Bank', '2025-07-30 01:58:08', '2025-07-30 01:58:08', NULL),
(18, 4, 47, 'E-Wallet', '2025-07-30 01:58:08', '2025-07-30 01:58:08', NULL),
(19, 4, 47, 'Stock', '2025-07-30 01:58:08', '2025-07-30 01:58:08', NULL),
(20, 4, 47, 'Reksadana', '2025-07-30 01:58:08', '2025-07-30 01:58:08', NULL),
(21, 5, 47, 'Cash', '2025-07-30 01:58:08', '2025-07-30 01:58:08', NULL),
(22, 5, 47, 'Bank', '2025-07-30 01:58:08', '2025-07-30 01:58:08', NULL),
(23, 5, 47, 'E-Wallet', '2025-07-30 01:58:08', '2025-07-30 01:58:08', NULL),
(24, 5, 47, 'Stock', '2025-07-30 01:58:08', '2025-07-30 01:58:08', NULL),
(25, 5, 47, 'Reksadana', '2025-07-30 01:58:08', '2025-07-30 01:58:08', NULL);

--
-- Indexes for dumped tables
--

--
-- Indeks untuk tabel `budgets`
--
ALTER TABLE `budgets`
  ADD PRIMARY KEY (`id`);

--
-- Indeks untuk tabel `cache`
--
ALTER TABLE `cache`
  ADD PRIMARY KEY (`key`);

--
-- Indeks untuk tabel `cache_locks`
--
ALTER TABLE `cache_locks`
  ADD PRIMARY KEY (`key`);

--
-- Indeks untuk tabel `categories`
--
ALTER TABLE `categories`
  ADD PRIMARY KEY (`id`);

--
-- Indeks untuk tabel `currencies`
--
ALTER TABLE `currencies`
  ADD PRIMARY KEY (`id`),
  ADD UNIQUE KEY `currencies_code_unique` (`code`);

--
-- Indeks untuk tabel `failed_jobs`
--
ALTER TABLE `failed_jobs`
  ADD PRIMARY KEY (`id`),
  ADD UNIQUE KEY `failed_jobs_uuid_unique` (`uuid`);

--
-- Indeks untuk tabel `jobs`
--
ALTER TABLE `jobs`
  ADD PRIMARY KEY (`id`),
  ADD KEY `jobs_queue_index` (`queue`);

--
-- Indeks untuk tabel `job_batches`
--
ALTER TABLE `job_batches`
  ADD PRIMARY KEY (`id`);

--
-- Indeks untuk tabel `migrations`
--
ALTER TABLE `migrations`
  ADD PRIMARY KEY (`id`);

--
-- Indeks untuk tabel `personal_access_tokens`
--
ALTER TABLE `personal_access_tokens`
  ADD PRIMARY KEY (`id`),
  ADD UNIQUE KEY `personal_access_tokens_token_unique` (`token`),
  ADD KEY `personal_access_tokens_tokenable_type_tokenable_id_index` (`tokenable_type`,`tokenable_id`);

--
-- Indeks untuk tabel `sessions`
--
ALTER TABLE `sessions`
  ADD PRIMARY KEY (`id`),
  ADD KEY `sessions_user_id_index` (`user_id`),
  ADD KEY `sessions_last_activity_index` (`last_activity`);

--
-- Indeks untuk tabel `transactions`
--
ALTER TABLE `transactions`
  ADD PRIMARY KEY (`id`),
  ADD KEY `transactions_category_id_foreign` (`category_id`),
  ADD KEY `transactions_wallet_id_foreign` (`wallet_id`);

--
-- Indeks untuk tabel `users`
--
ALTER TABLE `users`
  ADD PRIMARY KEY (`id`),
  ADD UNIQUE KEY `users_email_unique` (`email`);

--
-- Indeks untuk tabel `wallets`
--
ALTER TABLE `wallets`
  ADD PRIMARY KEY (`id`),
  ADD KEY `wallets_user_id_foreign` (`user_id`),
  ADD KEY `wallets_currency_id_foreign` (`currency_id`);

--
-- AUTO_INCREMENT untuk tabel yang dibuang
--

--
-- AUTO_INCREMENT untuk tabel `budgets`
--
ALTER TABLE `budgets`
  MODIFY `id` bigint UNSIGNED NOT NULL AUTO_INCREMENT;

--
-- AUTO_INCREMENT untuk tabel `categories`
--
ALTER TABLE `categories`
  MODIFY `id` bigint UNSIGNED NOT NULL AUTO_INCREMENT, AUTO_INCREMENT=24;

--
-- AUTO_INCREMENT untuk tabel `currencies`
--
ALTER TABLE `currencies`
  MODIFY `id` bigint UNSIGNED NOT NULL AUTO_INCREMENT, AUTO_INCREMENT=120;

--
-- AUTO_INCREMENT untuk tabel `failed_jobs`
--
ALTER TABLE `failed_jobs`
  MODIFY `id` bigint UNSIGNED NOT NULL AUTO_INCREMENT;

--
-- AUTO_INCREMENT untuk tabel `jobs`
--
ALTER TABLE `jobs`
  MODIFY `id` bigint UNSIGNED NOT NULL AUTO_INCREMENT;

--
-- AUTO_INCREMENT untuk tabel `migrations`
--
ALTER TABLE `migrations`
  MODIFY `id` int UNSIGNED NOT NULL AUTO_INCREMENT, AUTO_INCREMENT=11;

--
-- AUTO_INCREMENT untuk tabel `personal_access_tokens`
--
ALTER TABLE `personal_access_tokens`
  MODIFY `id` bigint UNSIGNED NOT NULL AUTO_INCREMENT;

--
-- AUTO_INCREMENT untuk tabel `transactions`
--
ALTER TABLE `transactions`
  MODIFY `id` bigint UNSIGNED NOT NULL AUTO_INCREMENT, AUTO_INCREMENT=841;

--
-- AUTO_INCREMENT untuk tabel `users`
--
ALTER TABLE `users`
  MODIFY `id` bigint UNSIGNED NOT NULL AUTO_INCREMENT, AUTO_INCREMENT=6;

--
-- AUTO_INCREMENT untuk tabel `wallets`
--
ALTER TABLE `wallets`
  MODIFY `id` bigint UNSIGNED NOT NULL AUTO_INCREMENT, AUTO_INCREMENT=26;

--
-- Ketidakleluasaan untuk tabel pelimpahan (Dumped Tables)
--

--
-- Ketidakleluasaan untuk tabel `transactions`
--
ALTER TABLE `transactions`
  ADD CONSTRAINT `transactions_category_id_foreign` FOREIGN KEY (`category_id`) REFERENCES `categories` (`id`),
  ADD CONSTRAINT `transactions_wallet_id_foreign` FOREIGN KEY (`wallet_id`) REFERENCES `wallets` (`id`);

--
-- Ketidakleluasaan untuk tabel `wallets`
--
ALTER TABLE `wallets`
  ADD CONSTRAINT `wallets_currency_id_foreign` FOREIGN KEY (`currency_id`) REFERENCES `currencies` (`id`),
  ADD CONSTRAINT `wallets_user_id_foreign` FOREIGN KEY (`user_id`) REFERENCES `users` (`id`);
COMMIT;

/*!40101 SET CHARACTER_SET_CLIENT=@OLD_CHARACTER_SET_CLIENT */;
/*!40101 SET CHARACTER_SET_RESULTS=@OLD_CHARACTER_SET_RESULTS */;
/*!40101 SET COLLATION_CONNECTION=@OLD_COLLATION_CONNECTION */;
